id,series,frame,file,caption
1,1,1,series-01/0001-голос-рассказчика.png,голос рассказчика
2,1,2,series-01/0002-жест-памяти.png,жест памяти
3,1,3,series-01/0003-тетрадь.png,тетрадь
4,1,4,series-01/0004-окно-к-Дону.png,окно к Дону
5,1,5,series-01/0005-камыши.png,камыши
6,1,6,series-01/0006-станица.png,станица
7,1,7,series-01/0007-корни.png,корни
8,1,8,series-01/0008-камень.png,камень
9,1,9,series-01/0009-курень.png,курень
10,1,10,series-01/0010-общий-стол.png,общий стол
11,1,11,series-01/0011-семейная-песня.png,семейная песня
12,1,12,series-01/0012-наличник.png,наличник
13,1,13,series-01/0013-передача-предмета.png,передача предмета
14,1,14,series-01/0014-упряжь.png,упряжь
15,1,15,series-01/0015-забота.png,забота
16,1,16,series-01/0016-круг-обучения.png,круг обучения
17,1,17,series-01/0017-остановка.png,остановка
18,1,18,series-01/0018-зерно-дерева.png,зерно дерева
19,1,19,series-01/0019-резец.png,резец
20,1,20,series-01/0020-пигменты.png,пигменты
21,1,21,series-01/0021-кисть-и-вода.png,кисть и вода
22,1,22,series-01/0022-трещина-стены.png,трещина стены
23,1,23,series-01/0023-свет-росписи.png,свет росписи
24,1,24,series-01/0024-старый-слой.png,старый слой
25,1,25,series-01/0025-общая-работа.png,общая работа
26,1,26,series-01/0026-запись-мастера.png,запись мастера
27,1,27,series-01/0027-дверь-храма.png,дверь храма
28,1,28,series-01/0028-развилка.png,развилка
29,1,29,series-01/0029-возвращение.png,возвращение
30,1,30,series-01/0030-следующий-штрих.png,следующий штрих
31,1,31,series-01/0031-голос-рассказчика.png,голос рассказчика
32,1,32,series-01/0032-жест-памяти.png,жест памяти
33,1,33,series-01/0033-тетрадь.png,тетрадь
34,1,34,series-01/0034-окно-к-Дону.png,окно к Дону
35,1,35,series-01/0035-камыши.png,камыши
36,1,36,series-01/0036-станица.png,станица
37,1,37,series-01/0037-корни.png,корни
38,1,38,series-01/0038-камень.png,камень
39,1,39,series-01/0039-курень.png,курень
40,1,40,series-01/0040-общий-стол.png,общий стол
41,1,41,series-01/0041-семейная-песня.png,семейная песня
42,1,42,series-01/0042-наличник.png,наличник
43,1,43,series-01/0043-передача-предмета.png,передача предмета
44,1,44,series-01/0044-упряжь.png,упряжь
45,1,45,series-01/0045-забота.png,забота
46,1,46,series-01/0046-круг-обучения.png,круг обучения
47,1,47,series-01/0047-остановка.png,остановка
48,1,48,series-01/0048-зерно-дерева.png,зерно дерева
49,1,49,series-01/0049-резец.png,резец
50,1,50,series-01/0050-пигменты.png,пигменты
51,1,51,series-01/0051-кисть-и-вода.png,кисть и вода
52,1,52,series-01/0052-трещина-стены.png,трещина стены
53,1,53,series-01/0053-свет-росписи.png,свет росписи
54,1,54,series-01/0054-старый-слой.png,старый слой
55,1,55,series-01/0055-общая-работа.png,общая работа
56,1,56,series-01/0056-запись-мастера.png,запись мастера
57,1,57,series-01/0057-дверь-храма.png,дверь храма
58,1,58,series-01/0058-развилка.png,развилка
59,1,59,series-01/0059-возвращение.png,возвращение
60,1,60,series-01/0060-следующий-штрих.png,следующий штрих
61,1,61,series-01/0061-голос-рассказчика.png,голос рассказчика
62,1,62,series-01/0062-жест-памяти.png,жест памяти
63,1,63,series-01/0063-тетрадь.png,тетрадь
64,1,64,series-01/0064-окно-к-Дону.png,окно к Дону
65,1,65,series-01/0065-камыши.png,камыши
66,1,66,series-01/0066-станица.png,станица
67,1,67,series-01/0067-корни.png,корни
68,1,68,series-01/0068-камень.png,камень
69,1,69,series-01/0069-курень.png,курень
70,1,70,series-01/0070-общий-стол.png,общий стол
71,1,71,series-01/0071-семейная-песня.png,семейная песня
72,1,72,series-01/0072-наличник.png,наличник
73,1,73,series-01/0073-передача-предмета.png,передача предмета
74,1,74,series-01/0074-упряжь.png,упряжь
75,1,75,series-01/0075-забота.png,забота
76,1,76,series-01/0076-круг-обучения.png,круг обучения
77,1,77,series-01/0077-остановка.png,остановка
78,1,78,series-01/0078-зерно-дерева.png,зерно дерева
79,1,79,series-01/0079-резец.png,резец
80,1,80,series-01/0080-пигменты.png,пигменты
81,1,81,series-01/0081-кисть-и-вода.png,кисть и вода
82,1,82,series-01/0082-трещина-стены.png,трещина стены
83,1,83,series-01/0083-свет-росписи.png,свет росписи
84,1,84,series-01/0084-старый-слой.png,старый слой
85,1,85,series-01/0085-общая-работа.png,общая работа
86,1,86,series-01/0086-запись-мастера.png,запись мастера
87,1,87,series-01/0087-дверь-храма.png,дверь храма
88,1,88,series-01/0088-развилка.png,развилка
89,1,89,series-01/0089-возвращение.png,возвращение
90,1,90,series-01/0090-следующий-штрих.png,следующий штрих
91,1,91,series-01/0091-голос-рассказчика.png,голос рассказчика
92,1,92,series-01/0092-жест-памяти.png,жест памяти
93,1,93,series-01/0093-тетрадь.png,тетрадь
94,1,94,series-01/0094-окно-к-Дону.png,окно к Дону
95,1,95,series-01/0095-камыши.png,камыши
96,1,96,series-01/0096-станица.png,станица
97,1,97,series-01/0097-корни.png,корни
98,1,98,series-01/0098-камень.png,камень
99,1,99,series-01/0099-курень.png,курень
100,1,100,series-01/0100-общий-стол.png,общий стол
101,2,1,series-02/0101-семейная-песня.png,семейная песня
102,2,2,series-02/0102-наличник.png,наличник
103,2,3,series-02/0103-передача-предмета.png,передача предмета
104,2,4,series-02/0104-упряжь.png,упряжь
105,2,5,series-02/0105-забота.png,забота
106,2,6,series-02/0106-круг-обучения.png,круг обучения
107,2,7,series-02/0107-остановка.png,остановка
108,2,8,series-02/0108-зерно-дерева.png,зерно дерева
109,2,9,series-02/0109-резец.png,резец
110,2,10,series-02/0110-пигменты.png,пигменты
111,2,11,series-02/0111-кисть-и-вода.png,кисть и вода
112,2,12,series-02/0112-трещина-стены.png,трещина стены
113,2,13,series-02/0113-свет-росписи.png,свет росписи
114,2,14,series-02/0114-старый-слой.png,старый слой
115,2,15,series-02/0115-общая-работа.png,общая работа
116,2,16,series-02/0116-запись-мастера.png,запись мастера
117,2,17,series-02/0117-дверь-храма.png,дверь храма
118,2,18,series-02/0118-развилка.png,развилка
119,2,19,series-02/0119-возвращение.png,возвращение
120,2,20,series-02/0120-следующий-штрих.png,следующий штрих
121,2,21,series-02/0121-голос-рассказчика.png,голос рассказчика
122,2,22,series-02/0122-жест-памяти.png,жест памяти
123,2,23,series-02/0123-тетрадь.png,тетрадь
124,2,24,series-02/0124-окно-к-Дону.png,окно к Дону
125,2,25,series-02/0125-камыши.png,камыши
126,2,26,series-02/0126-станица.png,станица
127,2,27,series-02/0127-корни.png,корни
128,2,28,series-02/0128-камень.png,камень
129,2,29,series-02/0129-курень.png,курень
130,2,30,series-02/0130-общий-стол.png,общий стол
131,2,31,series-02/0131-семейная-песня.png,семейная песня
132,2,32,series-02/0132-наличник.png,наличник
133,2,33,series-02/0133-передача-предмета.png,передача предмета
134,2,34,series-02/0134-упряжь.png,упряжь
135,2,35,series-02/0135-забота.png,забота
136,2,36,series-02/0136-круг-обучения.png,круг обучения
137,2,37,series-02/0137-остановка.png,остановка
138,2,38,series-02/0138-зерно-дерева.png,зерно дерева
139,2,39,series-02/0139-резец.png,резец
140,2,40,series-02/0140-пигменты.png,пигменты
141,2,41,series-02/0141-кисть-и-вода.png,кисть и вода
142,2,42,series-02/0142-трещина-стены.png,трещина стены
143,2,43,series-02/0143-свет-росписи.png,свет росписи
144,2,44,series-02/0144-старый-слой.png,старый слой
145,2,45,series-02/0145-общая-работа.png,общая работа
146,2,46,series-02/0146-запись-мастера.png,запись мастера
147,2,47,series-02/0147-дверь-храма.png,дверь храма
148,2,48,series-02/0148-развилка.png,развилка
149,2,49,series-02/0149-возвращение.png,возвращение
150,2,50,series-02/0150-следующий-штрих.png,следующий штрих
151,2,51,series-02/0151-голос-рассказчика.png,голос рассказчика
152,2,52,series-02/0152-жест-памяти.png,жест памяти
153,2,53,series-02/0153-тетрадь.png,тетрадь
154,2,54,series-02/0154-окно-к-Дону.png,окно к Дону
155,2,55,series-02/0155-камыши.png,камыши
156,2,56,series-02/0156-станица.png,станица
157,2,57,series-02/0157-корни.png,корни
158,2,58,series-02/0158-камень.png,камень
159,2,59,series-02/0159-курень.png,курень
160,2,60,series-02/0160-общий-стол.png,общий стол
161,2,61,series-02/0161-семейная-песня.png,семейная песня
162,2,62,series-02/0162-наличник.png,наличник
163,2,63,series-02/0163-передача-предмета.png,передача предмета
164,2,64,series-02/0164-упряжь.png,упряжь
165,2,65,series-02/0165-забота.png,забота
166,2,66,series-02/0166-круг-обучения.png,круг обучения
167,2,67,series-02/0167-остановка.png,остановка
168,2,68,series-02/0168-зерно-дерева.png,зерно дерева
169,2,69,series-02/0169-резец.png,резец
170,2,70,series-02/0170-пигменты.png,пигменты
171,2,71,series-02/0171-кисть-и-вода.png,кисть и вода
172,2,72,series-02/0172-трещина-стены.png,трещина стены
173,2,73,series-02/0173-свет-росписи.png,свет росписи
174,2,74,series-02/0174-старый-слой.png,старый слой
175,2,75,series-02/0175-общая-работа.png,общая работа
176,2,76,series-02/0176-запись-мастера.png,запись мастера
177,2,77,series-02/0177-дверь-храма.png,дверь храма
178,2,78,series-02/0178-развилка.png,развилка
179,2,79,series-02/0179-возвращение.png,возвращение
180,2,80,series-02/0180-следующий-штрих.png,следующий штрих
181,2,81,series-02/0181-голос-рассказчика.png,голос рассказчика
182,2,82,series-02/0182-жест-памяти.png,жест памяти
183,2,83,series-02/0183-тетрадь.png,тетрадь
184,2,84,series-02/0184-окно-к-Дону.png,окно к Дону
185,2,85,series-02/0185-камыши.png,камыши
186,2,86,series-02/0186-станица.png,станица
187,2,87,series-02/0187-корни.png,корни
188,2,88,series-02/0188-камень.png,камень
189,2,89,series-02/0189-курень.png,курень
190,2,90,series-02/0190-общий-стол.png,общий стол
191,2,91,series-02/0191-семейная-песня.png,семейная песня
192,2,92,series-02/0192-наличник.png,наличник
193,2,93,series-02/0193-передача-предмета.png,передача предмета
194,2,94,series-02/0194-упряжь.png,упряжь
195,2,95,series-02/0195-забота.png,забота
196,2,96,series-02/0196-круг-обучения.png,круг обучения
197,2,97,series-02/0197-остановка.png,остановка
198,2,98,series-02/0198-зерно-дерева.png,зерно дерева
199,2,99,series-02/0199-резец.png,резец
200,2,100,series-02/0200-пигменты.png,пигменты
201,3,1,series-03/0201-кисть-и-вода.png,кисть и вода
202,3,2,series-03/0202-трещина-стены.png,трещина стены
203,3,3,series-03/0203-свет-росписи.png,свет росписи
204,3,4,series-03/0204-старый-слой.png,старый слой
205,3,5,series-03/0205-общая-работа.png,общая работа
206,3,6,series-03/0206-запись-мастера.png,запись мастера
207,3,7,series-03/0207-дверь-храма.png,дверь храма
208,3,8,series-03/0208-развилка.png,развилка
209,3,9,series-03/0209-возвращение.png,возвращение
210,3,10,series-03/0210-следующий-штрих.png,следующий штрих
211,3,11,series-03/0211-голос-рассказчика.png,голос рассказчика
212,3,12,series-03/0212-жест-памяти.png,жест памяти
213,3,13,series-03/0213-тетрадь.png,тетрадь
214,3,14,series-03/0214-окно-к-Дону.png,окно к Дону
215,3,15,series-03/0215-камыши.png,камыши
216,3,16,series-03/0216-станица.png,станица
217,3,17,series-03/0217-корни.png,корни
218,3,18,series-03/0218-камень.png,камень
219,3,19,series-03/0219-курень.png,курень
220,3,20,series-03/0220-общий-стол.png,общий стол
221,3,21,series-03/0221-семейная-песня.png,семейная песня
222,3,22,series-03/0222-наличник.png,наличник
223,3,23,series-03/0223-передача-предмета.png,передача предмета
224,3,24,series-03/0224-упряжь.png,упряжь
225,3,25,series-03/0225-забота.png,забота
226,3,26,series-03/0226-круг-обучения.png,круг обучения
227,3,27,series-03/0227-остановка.png,остановка
228,3,28,series-03/0228-зерно-дерева.png,зерно дерева
229,3,29,series-03/0229-резец.png,резец
230,3,30,series-03/0230-пигменты.png,пигменты
231,3,31,series-03/0231-кисть-и-вода.png,кисть и вода
232,3,32,series-03/0232-трещина-стены.png,трещина стены
233,3,33,series-03/0233-свет-росписи.png,свет росписи
234,3,34,series-03/0234-старый-слой.png,старый слой
235,3,35,series-03/0235-общая-работа.png,общая работа
236,3,36,series-03/0236-запись-мастера.png,запись мастера
237,3,37,series-03/0237-дверь-храма.png,дверь храма
238,3,38,series-03/0238-развилка.png,развилка
239,3,39,series-03/0239-возвращение.png,возвращение
240,3,40,series-03/0240-следующий-штрих.png,следующий штрих
241,3,41,series-03/0241-голос-рассказчика.png,голос рассказчика
242,3,42,series-03/0242-жест-памяти.png,жест памяти
243,3,43,series-03/0243-тетрадь.png,тетрадь
244,3,44,series-03/0244-окно-к-Дону.png,окно к Дону
245,3,45,series-03/0245-камыши.png,камыши
246,3,46,series-03/0246-станица.png,станица
247,3,47,series-03/0247-корни.png,корни
248,3,48,series-03/0248-камень.png,камень
249,3,49,series-03/0249-курень.png,курень
250,3,50,series-03/0250-общий-стол.png,общий стол
251,3,51,series-03/0251-семейная-песня.png,семейная песня
252,3,52,series-03/0252-наличник.png,наличник
253,3,53,series-03/0253-передача-предмета.png,передача предмета
254,3,54,series-03/0254-упряжь.png,упряжь
255,3,55,series-03/0255-забота.png,забота
256,3,56,series-03/0256-круг-обучения.png,круг обучения
257,3,57,series-03/0257-остановка.png,остановка
258,3,58,series-03/0258-зерно-дерева.png,зерно дерева
259,3,59,series-03/0259-резец.png,резец
260,3,60,series-03/0260-пигменты.png,пигменты
261,3,61,series-03/0261-кисть-и-вода.png,кисть и вода
262,3,62,series-03/0262-трещина-стены.png,трещина стены
263,3,63,series-03/0263-свет-росписи.png,свет росписи
264,3,64,series-03/0264-старый-слой.png,старый слой
265,3,65,series-03/0265-общая-работа.png,общая работа
266,3,66,series-03/0266-запись-мастера.png,запись мастера
267,3,67,series-03/0267-дверь-храма.png,дверь храма
268,3,68,series-03/0268-развилка.png,развилка
269,3,69,series-03/0269-возвращение.png,возвращение
270,3,70,series-03/0270-следующий-штрих.png,следующий штрих
271,3,71,series-03/0271-голос-рассказчика.png,голос рассказчика
272,3,72,series-03/0272-жест-памяти.png,жест памяти
273,3,73,series-03/0273-тетрадь.png,тетрадь
274,3,74,series-03/0274-окно-к-Дону.png,окно к Дону
275,3,75,series-03/0275-камыши.png,камыши
276,3,76,series-03/0276-станица.png,станица
277,3,77,series-03/0277-корни.png,корни
278,3,78,series-03/0278-камень.png,камень
279,3,79,series-03/0279-курень.png,курень
280,3,80,series-03/0280-общий-стол.png,общий стол
281,3,81,series-03/0281-семейная-песня.png,семейная песня
282,3,82,series-03/0282-наличник.png,наличник
283,3,83,series-03/0283-передача-предмета.png,передача предмета
284,3,84,series-03/0284-упряжь.png,упряжь
285,3,85,series-03/0285-забота.png,забота
286,3,86,series-03/0286-круг-обучения.png,круг обучения
287,3,87,series-03/0287-остановка.png,остановка
288,3,88,series-03/0288-зерно-дерева.png,зерно дерева
289,3,89,series-03/0289-резец.png,резец
290,3,90,series-03/0290-пигменты.png,пигменты
291,3,91,series-03/0291-кисть-и-вода.png,кисть и вода
292,3,92,series-03/0292-трещина-стены.png,трещина стены
293,3,93,series-03/0293-свет-росписи.png,свет росписи
294,3,94,series-03/0294-старый-слой.png,старый слой
295,3,95,series-03/0295-общая-работа.png,общая работа
296,3,96,series-03/0296-запись-мастера.png,запись мастера
297,3,97,series-03/0297-дверь-храма.png,дверь храма
298,3,98,series-03/0298-развилка.png,развилка
299,3,99,series-03/0299-возвращение.png,возвращение
300,3,100,series-03/0300-следующий-штрих.png,следующий штрих
301,4,1,series-04/0301-голос-рассказчика.png,голос рассказчика
302,4,2,series-04/0302-жест-памяти.png,жест памяти
303,4,3,series-04/0303-тетрадь.png,тетрадь
304,4,4,series-04/0304-окно-к-Дону.png,окно к Дону
305,4,5,series-04/0305-камыши.png,камыши
306,4,6,series-04/0306-станица.png,станица
307,4,7,series-04/0307-корни.png,корни
308,4,8,series-04/0308-камень.png,камень
309,4,9,series-04/0309-курень.png,курень
310,4,10,series-04/0310-общий-стол.png,общий стол
311,4,11,series-04/0311-семейная-песня.png,семейная песня
312,4,12,series-04/0312-наличник.png,наличник
313,4,13,series-04/0313-передача-предмета.png,передача предмета
314,4,14,series-04/0314-упряжь.png,упряжь
315,4,15,series-04/0315-забота.png,забота
316,4,16,series-04/0316-круг-обучения.png,круг обучения
317,4,17,series-04/0317-остановка.png,остановка
318,4,18,series-04/0318-зерно-дерева.png,зерно дерева
319,4,19,series-04/0319-резец.png,резец
320,4,20,series-04/0320-пигменты.png,пигменты
321,4,21,series-04/0321-кисть-и-вода.png,кисть и вода
322,4,22,series-04/0322-трещина-стены.png,трещина стены
323,4,23,series-04/0323-свет-росписи.png,свет росписи
324,4,24,series-04/0324-старый-слой.png,старый слой
325,4,25,series-04/0325-общая-работа.png,общая работа
326,4,26,series-04/0326-запись-мастера.png,запись мастера
327,4,27,series-04/0327-дверь-храма.png,дверь храма
328,4,28,series-04/0328-развилка.png,развилка
329,4,29,series-04/0329-возвращение.png,возвращение
330,4,30,series-04/0330-следующий-штрих.png,следующий штрих
331,4,31,series-04/0331-голос-рассказчика.png,голос рассказчика
332,4,32,series-04/0332-жест-памяти.png,жест памяти
333,4,33,series-04/0333-тетрадь.png,тетрадь
334,4,34,series-04/0334-окно-к-Дону.png,окно к Дону
335,4,35,series-04/0335-камыши.png,камыши
336,4,36,series-04/0336-станица.png,станица
337,4,37,series-04/0337-корни.png,корни
338,4,38,series-04/0338-камень.png,камень
339,4,39,series-04/0339-курень.png,курень
340,4,40,series-04/0340-общий-стол.png,общий стол
341,4,41,series-04/0341-семейная-песня.png,семейная песня
342,4,42,series-04/0342-наличник.png,наличник
343,4,43,series-04/0343-передача-предмета.png,передача предмета
344,4,44,series-04/0344-упряжь.png,упряжь
345,4,45,series-04/0345-забота.png,забота
346,4,46,series-04/0346-круг-обучения.png,круг обучения
347,4,47,series-04/0347-остановка.png,остановка
348,4,48,series-04/0348-зерно-дерева.png,зерно дерева
349,4,49,series-04/0349-резец.png,резец
350,4,50,series-04/0350-пигменты.png,пигменты
351,4,51,series-04/0351-кисть-и-вода.png,кисть и вода
352,4,52,series-04/0352-трещина-стены.png,трещина стены
353,4,53,series-04/0353-свет-росписи.png,свет росписи
354,4,54,series-04/0354-старый-слой.png,старый слой
355,4,55,series-04/0355-общая-работа.png,общая работа
356,4,56,series-04/0356-запись-мастера.png,запись мастера
357,4,57,series-04/0357-дверь-храма.png,дверь храма
358,4,58,series-04/0358-развилка.png,развилка
359,4,59,series-04/0359-возвращение.png,возвращение
360,4,60,series-04/0360-следующий-штрих.png,следующий штрих
361,4,61,series-04/0361-голос-рассказчика.png,голос рассказчика
362,4,62,series-04/0362-жест-памяти.png,жест памяти
363,4,63,series-04/0363-тетрадь.png,тетрадь
364,4,64,series-04/0364-окно-к-Дону.png,окно к Дону
365,4,65,series-04/0365-камыши.png,камыши
366,4,66,series-04/0366-станица.png,станица
367,4,67,series-04/0367-корни.png,корни
368,4,68,series-04/0368-камень.png,камень
369,4,69,series-04/0369-курень.png,курень
370,4,70,series-04/0370-общий-стол.png,общий стол
371,4,71,series-04/0371-семейная-песня.png,семейная песня
372,4,72,series-04/0372-наличник.png,наличник
373,4,73,series-04/0373-передача-предмета.png,передача предмета
374,4,74,series-04/0374-упряжь.png,упряжь
375,4,75,series-04/0375-забота.png,забота
376,4,76,series-04/0376-круг-обучения.png,круг обучения
377,4,77,series-04/0377-остановка.png,остановка
378,4,78,series-04/0378-зерно-дерева.png,зерно дерева
379,4,79,series-04/0379-резец.png,резец
380,4,80,series-04/0380-пигменты.png,пигменты
381,4,81,series-04/0381-кисть-и-вода.png,кисть и вода
382,4,82,series-04/0382-трещина-стены.png,трещина стены
383,4,83,series-04/0383-свет-росписи.png,свет росписи
384,4,84,series-04/0384-старый-слой.png,старый слой
385,4,85,series-04/0385-общая-работа.png,общая работа
386,4,86,series-04/0386-запись-мастера.png,запись мастера
387,4,87,series-04/0387-дверь-храма.png,дверь храма
388,4,88,series-04/0388-развилка.png,развилка
389,4,89,series-04/0389-возвращение.png,возвращение
390,4,90,series-04/0390-следующий-штрих.png,следующий штрих
391,4,91,series-04/0391-голос-рассказчика.png,голос рассказчика
392,4,92,series-04/0392-жест-памяти.png,жест памяти
393,4,93,series-04/0393-тетрадь.png,тетрадь
394,4,94,series-04/0394-окно-к-Дону.png,окно к Дону
395,4,95,series-04/0395-камыши.png,камыши
396,4,96,series-04/0396-станица.png,станица
397,4,97,series-04/0397-корни.png,корни
398,4,98,series-04/0398-камень.png,камень
399,4,99,series-04/0399-курень.png,курень
400,4,100,series-04/0400-общий-стол.png,общий стол
401,5,1,series-05/0401-семейная-песня.png,семейная песня
402,5,2,series-05/0402-наличник.png,наличник
403,5,3,series-05/0403-передача-предмета.png,передача предмета
404,5,4,series-05/0404-упряжь.png,упряжь
405,5,5,series-05/0405-забота.png,забота
406,5,6,series-05/0406-круг-обучения.png,круг обучения
407,5,7,series-05/0407-остановка.png,остановка
408,5,8,series-05/0408-зерно-дерева.png,зерно дерева
409,5,9,series-05/0409-резец.png,резец
410,5,10,series-05/0410-пигменты.png,пигменты
411,5,11,series-05/0411-кисть-и-вода.png,кисть и вода
412,5,12,series-05/0412-трещина-стены.png,трещина стены
413,5,13,series-05/0413-свет-росписи.png,свет росписи
414,5,14,series-05/0414-старый-слой.png,старый слой
415,5,15,series-05/0415-общая-работа.png,общая работа
416,5,16,series-05/0416-запись-мастера.png,запись мастера
417,5,17,series-05/0417-дверь-храма.png,дверь храма
418,5,18,series-05/0418-развилка.png,развилка
419,5,19,series-05/0419-возвращение.png,возвращение
420,5,20,series-05/0420-следующий-штрих.png,следующий штрих
421,5,21,series-05/0421-голос-рассказчика.png,голос рассказчика
422,5,22,series-05/0422-жест-памяти.png,жест памяти
423,5,23,series-05/0423-тетрадь.png,тетрадь
424,5,24,series-05/0424-окно-к-Дону.png,окно к Дону
425,5,25,series-05/0425-камыши.png,камыши
426,5,26,series-05/0426-станица.png,станица
427,5,27,series-05/0427-корни.png,корни
428,5,28,series-05/0428-камень.png,камень
429,5,29,series-05/0429-курень.png,курень
430,5,30,series-05/0430-общий-стол.png,общий стол
431,5,31,series-05/0431-семейная-песня.png,семейная песня
432,5,32,series-05/0432-наличник.png,наличник
433,5,33,series-05/0433-передача-предмета.png,передача предмета
434,5,34,series-05/0434-упряжь.png,упряжь
435,5,35,series-05/0435-забота.png,забота
436,5,36,series-05/0436-круг-обучения.png,круг обучения
437,5,37,series-05/0437-остановка.png,остановка
438,5,38,series-05/0438-зерно-дерева.png,зерно дерева
439,5,39,series-05/0439-резец.png,резец
440,5,40,series-05/0440-пигменты.png,пигменты
441,5,41,series-05/0441-кисть-и-вода.png,кисть и вода
442,5,42,series-05/0442-трещина-стены.png,трещина стены
443,5,43,series-05/0443-свет-росписи.png,свет росписи
444,5,44,series-05/0444-старый-слой.png,старый слой
445,5,45,series-05/0445-общая-работа.png,общая работа
446,5,46,series-05/0446-запись-мастера.png,запись мастера
447,5,47,series-05/0447-дверь-храма.png,дверь храма
448,5,48,series-05/0448-развилка.png,развилка
449,5,49,series-05/0449-возвращение.png,возвращение
450,5,50,series-05/0450-следующий-штрих.png,следующий штрих
451,5,51,series-05/0451-голос-рассказчика.png,голос рассказчика
452,5,52,series-05/0452-жест-памяти.png,жест памяти
453,5,53,series-05/0453-тетрадь.png,тетрадь
454,5,54,series-05/0454-окно-к-Дону.png,окно к Дону
455,5,55,series-05/0455-камыши.png,камыши
456,5,56,series-05/0456-станица.png,станица
457,5,57,series-05/0457-корни.png,корни
458,5,58,series-05/0458-камень.png,камень
459,5,59,series-05/0459-курень.png,курень
460,5,60,series-05/0460-общий-стол.png,общий стол
461,5,61,series-05/0461-семейная-песня.png,семейная песня
462,5,62,series-05/0462-наличник.png,наличник
463,5,63,series-05/0463-передача-предмета.png,передача предмета
464,5,64,series-05/0464-упряжь.png,упряжь
465,5,65,series-05/0465-забота.png,забота
466,5,66,series-05/0466-круг-обучения.png,круг обучения
467,5,67,series-05/0467-остановка.png,остановка
468,5,68,series-05/0468-зерно-дерева.png,зерно дерева
469,5,69,series-05/0469-резец.png,резец
470,5,70,series-05/0470-пигменты.png,пигменты
471,5,71,series-05/0471-кисть-и-вода.png,кисть и вода
472,5,72,series-05/0472-трещина-стены.png,трещина стены
473,5,73,series-05/0473-свет-росписи.png,свет росписи
474,5,74,series-05/0474-старый-слой.png,старый слой
475,5,75,series-05/0475-общая-работа.png,общая работа
476,5,76,series-05/0476-запись-мастера.png,запись мастера
477,5,77,series-05/0477-дверь-храма.png,дверь храма
478,5,78,series-05/0478-развилка.png,развилка
479,5,79,series-05/0479-возвращение.png,возвращение
480,5,80,series-05/0480-следующий-штрих.png,следующий штрих
481,5,81,series-05/0481-голос-рассказчика.png,голос рассказчика
482,5,82,series-05/0482-жест-памяти.png,жест памяти
483,5,83,series-05/0483-тетрадь.png,тетрадь
484,5,84,series-05/0484-окно-к-Дону.png,окно к Дону
485,5,85,series-05/0485-камыши.png,камыши
486,5,86,series-05/0486-станица.png,станица
487,5,87,series-05/0487-корни.png,корни
488,5,88,series-05/0488-камень.png,камень
489,5,89,series-05/0489-курень.png,курень
490,5,90,series-05/0490-общий-стол.png,общий стол
491,5,91,series-05/0491-семейная-песня.png,семейная песня
492,5,92,series-05/0492-наличник.png,наличник
493,5,93,series-05/0493-передача-предмета.png,передача предмета
494,5,94,series-05/0494-упряжь.png,упряжь
495,5,95,series-05/0495-забота.png,забота
496,5,96,series-05/0496-круг-обучения.png,круг обучения
497,5,97,series-05/0497-остановка.png,остановка
498,5,98,series-05/0498-зерно-дерева.png,зерно дерева
499,5,99,series-05/0499-резец.png,резец
500,5,100,series-05/0500-пигменты.png,пигменты
501,6,1,series-06/0501-кисть-и-вода.png,кисть и вода
502,6,2,series-06/0502-трещина-стены.png,трещина стены
503,6,3,series-06/0503-свет-росписи.png,свет росписи
504,6,4,series-06/0504-старый-слой.png,старый слой
505,6,5,series-06/0505-общая-работа.png,общая работа
506,6,6,series-06/0506-запись-мастера.png,запись мастера
507,6,7,series-06/0507-дверь-храма.png,дверь храма
508,6,8,series-06/0508-развилка.png,развилка
509,6,9,series-06/0509-возвращение.png,возвращение
510,6,10,series-06/0510-следующий-штрих.png,следующий штрих
511,6,11,series-06/0511-голос-рассказчика.png,голос рассказчика
512,6,12,series-06/0512-жест-памяти.png,жест памяти
513,6,13,series-06/0513-тетрадь.png,тетрадь
514,6,14,series-06/0514-окно-к-Дону.png,окно к Дону
515,6,15,series-06/0515-камыши.png,камыши
516,6,16,series-06/0516-станица.png,станица
517,6,17,series-06/0517-корни.png,корни
518,6,18,series-06/0518-камень.png,камень
519,6,19,series-06/0519-курень.png,курень
520,6,20,series-06/0520-общий-стол.png,общий стол
521,6,21,series-06/0521-семейная-песня.png,семейная песня
522,6,22,series-06/0522-наличник.png,наличник
523,6,23,series-06/0523-передача-предмета.png,передача предмета
524,6,24,series-06/0524-упряжь.png,упряжь
525,6,25,series-06/0525-забота.png,забота
526,6,26,series-06/0526-круг-обучения.png,круг обучения
527,6,27,series-06/0527-остановка.png,остановка
528,6,28,series-06/0528-зерно-дерева.png,зерно дерева
529,6,29,series-06/0529-резец.png,резец
530,6,30,series-06/0530-пигменты.png,пигменты
531,6,31,series-06/0531-кисть-и-вода.png,кисть и вода
532,6,32,series-06/0532-трещина-стены.png,трещина стены
533,6,33,series-06/0533-свет-росписи.png,свет росписи
534,6,34,series-06/0534-старый-слой.png,старый слой
535,6,35,series-06/0535-общая-работа.png,общая работа
536,6,36,series-06/0536-запись-мастера.png,запись мастера
537,6,37,series-06/0537-дверь-храма.png,дверь храма
538,6,38,series-06/0538-развилка.png,развилка
539,6,39,series-06/0539-возвращение.png,возвращение
540,6,40,series-06/0540-следующий-штрих.png,следующий штрих
541,6,41,series-06/0541-голос-рассказчика.png,голос рассказчика
542,6,42,series-06/0542-жест-памяти.png,жест памяти
543,6,43,series-06/0543-тетрадь.png,тетрадь
544,6,44,series-06/0544-окно-к-Дону.png,окно к Дону
545,6,45,series-06/0545-камыши.png,камыши
546,6,46,series-06/0546-станица.png,станица
547,6,47,series-06/0547-корни.png,корни
548,6,48,series-06/0548-камень.png,камень
549,6,49,series-06/0549-курень.png,курень
550,6,50,series-06/0550-общий-стол.png,общий стол
551,6,51,series-06/0551-семейная-песня.png,семейная песня
552,6,52,series-06/0552-наличник.png,наличник
553,6,53,series-06/0553-передача-предмета.png,передача предмета
554,6,54,series-06/0554-упряжь.png,упряжь
555,6,55,series-06/0555-забота.png,забота
556,6,56,series-06/0556-круг-обучения.png,круг обучения
557,6,57,series-06/0557-остановка.png,остановка
558,6,58,series-06/0558-зерно-дерева.png,зерно дерева
559,6,59,series-06/0559-резец.png,резец
560,6,60,series-06/0560-пигменты.png,пигменты
561,6,61,series-06/0561-кисть-и-вода.png,кисть и вода
562,6,62,series-06/0562-трещина-стены.png,трещина стены
563,6,63,series-06/0563-свет-росписи.png,свет росписи
564,6,64,series-06/0564-старый-слой.png,старый слой
565,6,65,series-06/0565-общая-работа.png,общая работа
566,6,66,series-06/0566-запись-мастера.png,запись мастера
567,6,67,series-06/0567-дверь-храма.png,дверь храма
568,6,68,series-06/0568-развилка.png,развилка
569,6,69,series-06/0569-возвращение.png,возвращение
570,6,70,series-06/0570-следующий-штрих.png,следующий штрих
571,6,71,series-06/0571-голос-рассказчика.png,голос рассказчика
572,6,72,series-06/0572-жест-памяти.png,жест памяти
573,6,73,series-06/0573-тетрадь.png,тетрадь
574,6,74,series-06/0574-окно-к-Дону.png,окно к Дону
575,6,75,series-06/0575-камыши.png,камыши
576,6,76,series-06/0576-станица.png,станица
577,6,77,series-06/0577-корни.png,корни
578,6,78,series-06/0578-камень.png,камень
579,6,79,series-06/0579-курень.png,курень
580,6,80,series-06/0580-общий-стол.png,общий стол
581,6,81,series-06/0581-семейная-песня.png,семейная песня
582,6,82,series-06/0582-наличник.png,наличник
583,6,83,series-06/0583-передача-предмета.png,передача предмета
584,6,84,series-06/0584-упряжь.png,упряжь
585,6,85,series-06/0585-забота.png,забота
586,6,86,series-06/0586-круг-обучения.png,круг обучения
587,6,87,series-06/0587-остановка.png,остановка
588,6,88,series-06/0588-зерно-дерева.png,зерно дерева
589,6,89,series-06/0589-резец.png,резец
590,6,90,series-06/0590-пигменты.png,пигменты
591,6,91,series-06/0591-кисть-и-вода.png,кисть и вода
592,6,92,series-06/0592-трещина-стены.png,трещина стены
593,6,93,series-06/0593-свет-росписи.png,свет росписи
594,6,94,series-06/0594-старый-слой.png,старый слой
595,6,95,series-06/0595-общая-работа.png,общая работа
596,6,96,series-06/0596-запись-мастера.png,запись мастера
597,6,97,series-06/0597-дверь-храма.png,дверь храма
598,6,98,series-06/0598-развилка.png,развилка
599,6,99,series-06/0599-возвращение.png,возвращение
600,6,100,series-06/0600-следующий-штрих.png,следующий штрих
601,7,1,series-07/0601-голос-рассказчика.png,голос рассказчика
602,7,2,series-07/0602-жест-памяти.png,жест памяти
603,7,3,series-07/0603-тетрадь.png,тетрадь
604,7,4,series-07/0604-окно-к-Дону.png,окно к Дону
605,7,5,series-07/0605-камыши.png,камыши
606,7,6,series-07/0606-станица.png,станица
607,7,7,series-07/0607-корни.png,корни
608,7,8,series-07/0608-камень.png,камень
609,7,9,series-07/0609-курень.png,курень
610,7,10,series-07/0610-общий-стол.png,общий стол
611,7,11,series-07/0611-семейная-песня.png,семейная песня
612,7,12,series-07/0612-наличник.png,наличник
613,7,13,series-07/0613-передача-предмета.png,передача предмета
614,7,14,series-07/0614-упряжь.png,упряжь
615,7,15,series-07/0615-забота.png,забота
616,7,16,series-07/0616-круг-обучения.png,круг обучения
617,7,17,series-07/0617-остановка.png,остановка
618,7,18,series-07/0618-зерно-дерева.png,зерно дерева
619,7,19,series-07/0619-резец.png,резец
620,7,20,series-07/0620-пигменты.png,пигменты
621,7,21,series-07/0621-кисть-и-вода.png,кисть и вода
622,7,22,series-07/0622-трещина-стены.png,трещина стены
623,7,23,series-07/0623-свет-росписи.png,свет росписи
624,7,24,series-07/0624-старый-слой.png,старый слой
625,7,25,series-07/0625-общая-работа.png,общая работа
626,7,26,series-07/0626-запись-мастера.png,запись мастера
627,7,27,series-07/0627-дверь-храма.png,дверь храма
628,7,28,series-07/0628-развилка.png,развилка
629,7,29,series-07/0629-возвращение.png,возвращение
630,7,30,series-07/0630-следующий-штрих.png,следующий штрих
631,7,31,series-07/0631-голос-рассказчика.png,голос рассказчика
632,7,32,series-07/0632-жест-памяти.png,жест памяти
633,7,33,series-07/0633-тетрадь.png,тетрадь
634,7,34,series-07/0634-окно-к-Дону.png,окно к Дону
635,7,35,series-07/0635-камыши.png,камыши
636,7,36,series-07/0636-станица.png,станица
637,7,37,series-07/0637-корни.png,корни
638,7,38,series-07/0638-камень.png,камень
639,7,39,series-07/0639-курень.png,курень
640,7,40,series-07/0640-общий-стол.png,общий стол
641,7,41,series-07/0641-семейная-песня.png,семейная песня
642,7,42,series-07/0642-наличник.png,наличник
643,7,43,series-07/0643-передача-предмета.png,передача предмета
644,7,44,series-07/0644-упряжь.png,упряжь
645,7,45,series-07/0645-забота.png,забота
646,7,46,series-07/0646-круг-обучения.png,круг обучения
647,7,47,series-07/0647-остановка.png,остановка
648,7,48,series-07/0648-зерно-дерева.png,зерно дерева
649,7,49,series-07/0649-резец.png,резец
650,7,50,series-07/0650-пигменты.png,пигменты
651,7,51,series-07/0651-кисть-и-вода.png,кисть и вода
652,7,52,series-07/0652-трещина-стены.png,трещина стены
653,7,53,series-07/0653-свет-росписи.png,свет росписи
654,7,54,series-07/0654-старый-слой.png,старый слой
655,7,55,series-07/0655-общая-работа.png,общая работа
656,7,56,series-07/0656-запись-мастера.png,запись мастера
657,7,57,series-07/0657-дверь-храма.png,дверь храма
658,7,58,series-07/0658-развилка.png,развилка
659,7,59,series-07/0659-возвращение.png,возвращение
660,7,60,series-07/0660-следующий-штрих.png,следующий штрих
661,7,61,series-07/0661-голос-рассказчика.png,голос рассказчика
662,7,62,series-07/0662-жест-памяти.png,жест памяти
663,7,63,series-07/0663-тетрадь.png,тетрадь
664,7,64,series-07/0664-окно-к-Дону.png,окно к Дону
665,7,65,series-07/0665-камыши.png,камыши
666,7,66,series-07/0666-станица.png,станица
667,7,67,series-07/0667-корни.png,корни
668,7,68,series-07/0668-камень.png,камень
669,7,69,series-07/0669-курень.png,курень
670,7,70,series-07/0670-общий-стол.png,общий стол
671,7,71,series-07/0671-семейная-песня.png,семейная песня
672,7,72,series-07/0672-наличник.png,наличник
673,7,73,series-07/0673-передача-предмета.png,передача предмета
674,7,74,series-07/0674-упряжь.png,упряжь
675,7,75,series-07/0675-забота.png,забота
676,7,76,series-07/0676-круг-обучения.png,круг обучения
677,7,77,series-07/0677-остановка.png,остановка
678,7,78,series-07/0678-зерно-дерева.png,зерно дерева
679,7,79,series-07/0679-резец.png,резец
680,7,80,series-07/0680-пигменты.png,пигменты
681,7,81,series-07/0681-кисть-и-вода.png,кисть и вода
682,7,82,series-07/0682-трещина-стены.png,трещина стены
683,7,83,series-07/0683-свет-росписи.png,свет росписи
684,7,84,series-07/0684-старый-слой.png,старый слой
685,7,85,series-07/0685-общая-работа.png,общая работа
686,7,86,series-07/0686-запись-мастера.png,запись мастера
687,7,87,series-07/0687-дверь-храма.png,дверь храма
688,7,88,series-07/0688-развилка.png,развилка
689,7,89,series-07/0689-возвращение.png,возвращение
690,7,90,series-07/0690-следующий-штрих.png,следующий штрих
691,7,91,series-07/0691-голос-рассказчика.png,голос рассказчика
692,7,92,series-07/0692-жест-памяти.png,жест памяти
693,7,93,series-07/0693-тетрадь.png,тетрадь
694,7,94,series-07/0694-окно-к-Дону.png,окно к Дону
695,7,95,series-07/0695-камыши.png,камыши
696,7,96,series-07/0696-станица.png,станица
697,7,97,series-07/0697-корни.png,корни
698,7,98,series-07/0698-камень.png,камень
699,7,99,series-07/0699-курень.png,курень
700,7,100,series-07/0700-общий-стол.png,общий стол
701,8,1,series-08/0701-семейная-песня.png,семейная песня
702,8,2,series-08/0702-наличник.png,наличник
703,8,3,series-08/0703-передача-предмета.png,передача предмета
704,8,4,series-08/0704-упряжь.png,упряжь
705,8,5,series-08/0705-забота.png,забота
706,8,6,series-08/0706-круг-обучения.png,круг обучения
707,8,7,series-08/0707-остановка.png,остановка
708,8,8,series-08/0708-зерно-дерева.png,зерно дерева
709,8,9,series-08/0709-резец.png,резец
710,8,10,series-08/0710-пигменты.png,пигменты
711,8,11,series-08/0711-кисть-и-вода.png,кисть и вода
712,8,12,series-08/0712-трещина-стены.png,трещина стены
713,8,13,series-08/0713-свет-росписи.png,свет росписи
714,8,14,series-08/0714-старый-слой.png,старый слой
715,8,15,series-08/0715-общая-работа.png,общая работа
716,8,16,series-08/0716-запись-мастера.png,запись мастера
717,8,17,series-08/0717-дверь-храма.png,дверь храма
718,8,18,series-08/0718-развилка.png,развилка
719,8,19,series-08/0719-возвращение.png,возвращение
720,8,20,series-08/0720-следующий-штрих.png,следующий штрих
721,8,21,series-08/0721-голос-рассказчика.png,голос рассказчика
722,8,22,series-08/0722-жест-памяти.png,жест памяти
723,8,23,series-08/0723-тетрадь.png,тетрадь
724,8,24,series-08/0724-окно-к-Дону.png,окно к Дону
725,8,25,series-08/0725-камыши.png,камыши
726,8,26,series-08/0726-станица.png,станица
727,8,27,series-08/0727-корни.png,корни
728,8,28,series-08/0728-камень.png,камень
729,8,29,series-08/0729-курень.png,курень
730,8,30,series-08/0730-общий-стол.png,общий стол
731,8,31,series-08/0731-семейная-песня.png,семейная песня
732,8,32,series-08/0732-наличник.png,наличник
733,8,33,series-08/0733-передача-предмета.png,передача предмета
734,8,34,series-08/0734-упряжь.png,упряжь
735,8,35,series-08/0735-забота.png,забота
736,8,36,series-08/0736-круг-обучения.png,круг обучения
737,8,37,series-08/0737-остановка.png,остановка
738,8,38,series-08/0738-зерно-дерева.png,зерно дерева
739,8,39,series-08/0739-резец.png,резец
740,8,40,series-08/0740-пигменты.png,пигменты
741,8,41,series-08/0741-кисть-и-вода.png,кисть и вода
742,8,42,series-08/0742-трещина-стены.png,трещина стены
743,8,43,series-08/0743-свет-росписи.png,свет росписи
744,8,44,series-08/0744-старый-слой.png,старый слой
745,8,45,series-08/0745-общая-работа.png,общая работа
746,8,46,series-08/0746-запись-мастера.png,запись мастера
747,8,47,series-08/0747-дверь-храма.png,дверь храма
748,8,48,series-08/0748-развилка.png,развилка
749,8,49,series-08/0749-возвращение.png,возвращение
750,8,50,series-08/0750-следующий-штрих.png,следующий штрих
751,8,51,series-08/0751-голос-рассказчика.png,голос рассказчика
752,8,52,series-08/0752-жест-памяти.png,жест памяти
753,8,53,series-08/0753-тетрадь.png,тетрадь
754,8,54,series-08/0754-окно-к-Дону.png,окно к Дону
755,8,55,series-08/0755-камыши.png,камыши
756,8,56,series-08/0756-станица.png,станица
757,8,57,series-08/0757-корни.png,корни
758,8,58,series-08/0758-камень.png,камень
759,8,59,series-08/0759-курень.png,курень
760,8,60,series-08/0760-общий-стол.png,общий стол
761,8,61,series-08/0761-семейная-песня.png,семейная песня
762,8,62,series-08/0762-наличник.png,наличник
763,8,63,series-08/0763-передача-предмета.png,передача предмета
764,8,64,series-08/0764-упряжь.png,упряжь
765,8,65,series-08/0765-забота.png,забота
766,8,66,series-08/0766-круг-обучения.png,круг обучения
767,8,67,series-08/0767-остановка.png,остановка
768,8,68,series-08/0768-зерно-дерева.png,зерно дерева
769,8,69,series-08/0769-резец.png,резец
770,8,70,series-08/0770-пигменты.png,пигменты
771,8,71,series-08/0771-кисть-и-вода.png,кисть и вода
772,8,72,series-08/0772-трещина-стены.png,трещина стены
773,8,73,series-08/0773-свет-росписи.png,свет росписи
774,8,74,series-08/0774-старый-слой.png,старый слой
775,8,75,series-08/0775-общая-работа.png,общая работа
776,8,76,series-08/0776-запись-мастера.png,запись мастера
777,8,77,series-08/0777-дверь-храма.png,дверь храма
778,8,78,series-08/0778-развилка.png,развилка
779,8,79,series-08/0779-возвращение.png,возвращение
780,8,80,series-08/0780-следующий-штрих.png,следующий штрих
781,8,81,series-08/0781-голос-рассказчика.png,голос рассказчика
782,8,82,series-08/0782-жест-памяти.png,жест памяти
783,8,83,series-08/0783-тетрадь.png,тетрадь
784,8,84,series-08/0784-окно-к-Дону.png,окно к Дону
785,8,85,series-08/0785-камыши.png,камыши
786,8,86,series-08/0786-станица.png,станица
787,8,87,series-08/0787-корни.png,корни
788,8,88,series-08/0788-камень.png,камень
789,8,89,series-08/0789-курень.png,курень
790,8,90,series-08/0790-общий-стол.png,общий стол
791,8,91,series-08/0791-семейная-песня.png,семейная песня
792,8,92,series-08/0792-наличник.png,наличник
793,8,93,series-08/0793-передача-предмета.png,передача предмета
794,8,94,series-08/0794-упряжь.png,упряжь
795,8,95,series-08/0795-забота.png,забота
796,8,96,series-08/0796-круг-обучения.png,круг обучения
797,8,97,series-08/0797-остановка.png,остановка
798,8,98,series-08/0798-зерно-дерева.png,зерно дерева
799,8,99,series-08/0799-резец.png,резец
800,8,100,series-08/0800-пигменты.png,пигменты
801,9,1,series-09/0801-кисть-и-вода.png,кисть и вода
802,9,2,series-09/0802-трещина-стены.png,трещина стены
803,9,3,series-09/0803-свет-росписи.png,свет росписи
804,9,4,series-09/0804-старый-слой.png,старый слой
805,9,5,series-09/0805-общая-работа.png,общая работа
806,9,6,series-09/0806-запись-мастера.png,запись мастера
807,9,7,series-09/0807-дверь-храма.png,дверь храма
808,9,8,series-09/0808-развилка.png,развилка
809,9,9,series-09/0809-возвращение.png,возвращение
810,9,10,series-09/0810-следующий-штрих.png,следующий штрих
811,9,11,series-09/0811-голос-рассказчика.png,голос рассказчика
812,9,12,series-09/0812-жест-памяти.png,жест памяти
813,9,13,series-09/0813-тетрадь.png,тетрадь
814,9,14,series-09/0814-окно-к-Дону.png,окно к Дону
815,9,15,series-09/0815-камыши.png,камыши
816,9,16,series-09/0816-станица.png,станица
817,9,17,series-09/0817-корни.png,корни
818,9,18,series-09/0818-камень.png,камень
819,9,19,series-09/0819-курень.png,курень
820,9,20,series-09/0820-общий-стол.png,общий стол
821,9,21,series-09/0821-семейная-песня.png,семейная песня
822,9,22,series-09/0822-наличник.png,наличник
823,9,23,series-09/0823-передача-предмета.png,передача предмета
824,9,24,series-09/0824-упряжь.png,упряжь
825,9,25,series-09/0825-забота.png,забота
826,9,26,series-09/0826-круг-обучения.png,круг обучения
827,9,27,series-09/0827-остановка.png,остановка
828,9,28,series-09/0828-зерно-дерева.png,зерно дерева
829,9,29,series-09/0829-резец.png,резец
830,9,30,series-09/0830-пигменты.png,пигменты
831,9,31,series-09/0831-кисть-и-вода.png,кисть и вода
832,9,32,series-09/0832-трещина-стены.png,трещина стены
833,9,33,series-09/0833-свет-росписи.png,свет росписи
834,9,34,series-09/0834-старый-слой.png,старый слой
835,9,35,series-09/0835-общая-работа.png,общая работа
836,9,36,series-09/0836-запись-мастера.png,запись мастера
837,9,37,series-09/0837-дверь-храма.png,дверь храма
838,9,38,series-09/0838-развилка.png,развилка
839,9,39,series-09/0839-возвращение.png,возвращение
840,9,40,series-09/0840-следующий-штрих.png,следующий штрих
841,9,41,series-09/0841-голос-рассказчика.png,голос рассказчика
842,9,42,series-09/0842-жест-памяти.png,жест памяти
843,9,43,series-09/0843-тетрадь.png,тетрадь
844,9,44,series-09/0844-окно-к-Дону.png,окно к Дону
845,9,45,series-09/0845-камыши.png,камыши
846,9,46,series-09/0846-станица.png,станица
847,9,47,series-09/0847-корни.png,корни
848,9,48,series-09/0848-камень.png,камень
849,9,49,series-09/0849-курень.png,курень
850,9,50,series-09/0850-общий-стол.png,общий стол
851,9,51,series-09/0851-семейная-песня.png,семейная песня
852,9,52,series-09/0852-наличник.png,наличник
853,9,53,series-09/0853-передача-предмета.png,передача предмета
854,9,54,series-09/0854-упряжь.png,упряжь
855,9,55,series-09/0855-забота.png,забота
856,9,56,series-09/0856-круг-обучения.png,круг обучения
857,9,57,series-09/0857-остановка.png,остановка
858,9,58,series-09/0858-зерно-дерева.png,зерно дерева
859,9,59,series-09/0859-резец.png,резец
860,9,60,series-09/0860-пигменты.png,пигменты
861,9,61,series-09/0861-кисть-и-вода.png,кисть и вода
862,9,62,series-09/0862-трещина-стены.png,трещина стены
863,9,63,series-09/0863-свет-росписи.png,свет росписи
864,9,64,series-09/0864-старый-слой.png,старый слой
865,9,65,series-09/0865-общая-работа.png,общая работа
866,9,66,series-09/0866-запись-мастера.png,запись мастера
867,9,67,series-09/0867-дверь-храма.png,дверь храма
868,9,68,series-09/0868-развилка.png,развилка
869,9,69,series-09/0869-возвращение.png,возвращение
870,9,70,series-09/0870-следующий-штрих.png,следующий штрих
871,9,71,series-09/0871-голос-рассказчика.png,голос рассказчика
872,9,72,series-09/0872-жест-памяти.png,жест памяти
873,9,73,series-09/0873-тетрадь.png,тетрадь
874,9,74,series-09/0874-окно-к-Дону.png,окно к Дону
875,9,75,series-09/0875-камыши.png,камыши
876,9,76,series-09/0876-станица.png,станица
877,9,77,series-09/0877-корни.png,корни
878,9,78,series-09/0878-камень.png,камень
879,9,79,series-09/0879-курень.png,курень
880,9,80,series-09/0880-общий-стол.png,общий стол
881,9,81,series-09/0881-семейная-песня.png,семейная песня
882,9,82,series-09/0882-наличник.png,наличник
883,9,83,series-09/0883-передача-предмета.png,передача предмета
884,9,84,series-09/0884-упряжь.png,упряжь
885,9,85,series-09/0885-забота.png,забота
886,9,86,series-09/0886-круг-обучения.png,круг обучения
887,9,87,series-09/0887-остановка.png,остановка
888,9,88,series-09/0888-зерно-дерева.png,зерно дерева
889,9,89,series-09/0889-резец.png,резец
890,9,90,series-09/0890-пигменты.png,пигменты
891,9,91,series-09/0891-кисть-и-вода.png,кисть и вода
892,9,92,series-09/0892-трещина-стены.png,трещина стены
893,9,93,series-09/0893-свет-росписи.png,свет росписи
894,9,94,series-09/0894-старый-слой.png,старый слой
895,9,95,series-09/0895-общая-работа.png,общая работа
896,9,96,series-09/0896-запись-мастера.png,запись мастера
897,9,97,series-09/0897-дверь-храма.png,дверь храма
898,9,98,series-09/0898-развилка.png,развилка
899,9,99,series-09/0899-возвращение.png,возвращение
900,9,100,series-09/0900-следующий-штрих.png,следующий штрих
901,10,1,series-10/0901-голос-рассказчика.png,голос рассказчика
902,10,2,series-10/0902-жест-памяти.png,жест памяти
903,10,3,series-10/0903-тетрадь.png,тетрадь
904,10,4,series-10/0904-окно-к-Дону.png,окно к Дону
905,10,5,series-10/0905-камыши.png,камыши
906,10,6,series-10/0906-станица.png,станица
907,10,7,series-10/0907-корни.png,корни
908,10,8,series-10/0908-камень.png,камень
909,10,9,series-10/0909-курень.png,курень
910,10,10,series-10/0910-общий-стол.png,общий стол
911,10,11,series-10/0911-семейная-песня.png,семейная песня
912,10,12,series-10/0912-наличник.png,наличник
913,10,13,series-10/0913-передача-предмета.png,передача предмета
914,10,14,series-10/0914-упряжь.png,упряжь
915,10,15,series-10/0915-забота.png,забота
916,10,16,series-10/0916-круг-обучения.png,круг обучения
917,10,17,series-10/0917-остановка.png,остановка
918,10,18,series-10/0918-зерно-дерева.png,зерно дерева
919,10,19,series-10/0919-резец.png,резец
920,10,20,series-10/0920-пигменты.png,пигменты
921,10,21,series-10/0921-кисть-и-вода.png,кисть и вода
922,10,22,series-10/0922-трещина-стены.png,трещина стены
923,10,23,series-10/0923-свет-росписи.png,свет росписи
924,10,24,series-10/0924-старый-слой.png,старый слой
925,10,25,series-10/0925-общая-работа.png,общая работа
926,10,26,series-10/0926-запись-мастера.png,запись мастера
927,10,27,series-10/0927-дверь-храма.png,дверь храма
928,10,28,series-10/0928-развилка.png,развилка
929,10,29,series-10/0929-возвращение.png,возвращение
930,10,30,series-10/0930-следующий-штрих.png,следующий штрих
931,10,31,series-10/0931-голос-рассказчика.png,голос рассказчика
932,10,32,series-10/0932-жест-памяти.png,жест памяти
933,10,33,series-10/0933-тетрадь.png,тетрадь
934,10,34,series-10/0934-окно-к-Дону.png,окно к Дону
935,10,35,series-10/0935-камыши.png,камыши
936,10,36,series-10/0936-станица.png,станица
937,10,37,series-10/0937-корни.png,корни
938,10,38,series-10/0938-камень.png,камень
939,10,39,series-10/0939-курень.png,курень
940,10,40,series-10/0940-общий-стол.png,общий стол
941,10,41,series-10/0941-семейная-песня.png,семейная песня
942,10,42,series-10/0942-наличник.png,наличник
943,10,43,series-10/0943-передача-предмета.png,передача предмета
944,10,44,series-10/0944-упряжь.png,упряжь
945,10,45,series-10/0945-забота.png,забота
946,10,46,series-10/0946-круг-обучения.png,круг обучения
947,10,47,series-10/0947-остановка.png,остановка
948,10,48,series-10/0948-зерно-дерева.png,зерно дерева
949,10,49,series-10/0949-резец.png,резец
950,10,50,series-10/0950-пигменты.png,пигменты
951,10,51,series-10/0951-кисть-и-вода.png,кисть и вода
952,10,52,series-10/0952-трещина-стены.png,трещина стены
953,10,53,series-10/0953-свет-росписи.png,свет росписи
954,10,54,series-10/0954-старый-слой.png,старый слой
955,10,55,series-10/0955-общая-работа.png,общая работа
956,10,56,series-10/0956-запись-мастера.png,запись мастера
957,10,57,series-10/0957-дверь-храма.png,дверь храма
958,10,58,series-10/0958-развилка.png,развилка
959,10,59,series-10/0959-возвращение.png,возвращение
960,10,60,series-10/0960-следующий-штрих.png,следующий штрих
961,10,61,series-10/0961-голос-рассказчика.png,голос рассказчика
962,10,62,series-10/0962-жест-памяти.png,жест памяти
963,10,63,series-10/0963-тетрадь.png,тетрадь
964,10,64,series-10/0964-окно-к-Дону.png,окно к Дону
965,10,65,series-10/0965-камыши.png,камыши
966,10,66,series-10/0966-станица.png,станица
967,10,67,series-10/0967-корни.png,корни
968,10,68,series-10/0968-камень.png,камень
969,10,69,series-10/0969-курень.png,курень
970,10,70,series-10/0970-общий-стол.png,общий стол
971,10,71,series-10/0971-семейная-песня.png,семейная песня
972,10,72,series-10/0972-наличник.png,наличник
973,10,73,series-10/0973-передача-предмета.png,передача предмета
974,10,74,series-10/0974-упряжь.png,упряжь
975,10,75,series-10/0975-забота.png,забота
976,10,76,series-10/0976-круг-обучения.png,круг обучения
977,10,77,series-10/0977-остановка.png,остановка
978,10,78,series-10/0978-зерно-дерева.png,зерно дерева
979,10,79,series-10/0979-резец.png,резец
980,10,80,series-10/0980-пигменты.png,пигменты
981,10,81,series-10/0981-кисть-и-вода.png,кисть и вода
982,10,82,series-10/0982-трещина-стены.png,трещина стены
983,10,83,series-10/0983-свет-росписи.png,свет росписи
984,10,84,series-10/0984-старый-слой.png,старый слой
985,10,85,series-10/0985-общая-работа.png,общая работа
986,10,86,series-10/0986-запись-мастера.png,запись мастера
987,10,87,series-10/0987-дверь-храма.png,дверь храма
988,10,88,series-10/0988-развилка.png,развилка
989,10,89,series-10/0989-возвращение.png,возвращение
990,10,90,series-10/0990-следующий-штрих.png,следующий штрих
991,10,91,series-10/0991-голос-рассказчика.png,голос рассказчика
992,10,92,series-10/0992-жест-памяти.png,жест памяти
993,10,93,series-10/0993-тетрадь.png,тетрадь
994,10,94,series-10/0994-окно-к-Дону.png,окно к Дону
995,10,95,series-10/0995-камыши.png,камыши
996,10,96,series-10/0996-станица.png,станица
997,10,97,series-10/0997-корни.png,корни
998,10,98,series-10/0998-камень.png,камень
999,10,99,series-10/0999-курень.png,курень
1000,10,100,series-10/1000-общий-стол.png,общий стол
1001,11,1,series-11/1001-семейная-песня.png,семейная песня
1002,11,2,series-11/1002-наличник.png,наличник
1003,11,3,series-11/1003-передача-предмета.png,передача предмета
1004,11,4,series-11/1004-упряжь.png,упряжь
1005,11,5,series-11/1005-забота.png,забота
1006,11,6,series-11/1006-круг-обучения.png,круг обучения
1007,11,7,series-11/1007-остановка.png,остановка
1008,11,8,series-11/1008-зерно-дерева.png,зерно дерева
1009,11,9,series-11/1009-резец.png,резец
1010,11,10,series-11/1010-пигменты.png,пигменты
1011,11,11,series-11/1011-кисть-и-вода.png,кисть и вода
1012,11,12,series-11/1012-трещина-стены.png,трещина стены
1013,11,13,series-11/1013-свет-росписи.png,свет росписи
1014,11,14,series-11/1014-старый-слой.png,старый слой
1015,11,15,series-11/1015-общая-работа.png,общая работа
1016,11,16,series-11/1016-запись-мастера.png,запись мастера
1017,11,17,series-11/1017-дверь-храма.png,дверь храма
1018,11,18,series-11/1018-развилка.png,развилка
1019,11,19,series-11/1019-возвращение.png,возвращение
1020,11,20,series-11/1020-следующий-штрих.png,следующий штрих
1021,11,21,series-11/1021-голос-рассказчика.png,голос рассказчика
1022,11,22,series-11/1022-жест-памяти.png,жест памяти
1023,11,23,series-11/1023-тетрадь.png,тетрадь
1024,11,24,series-11/1024-окно-к-Дону.png,окно к Дону
1025,11,25,series-11/1025-камыши.png,камыши
1026,11,26,series-11/1026-станица.png,станица
1027,11,27,series-11/1027-корни.png,корни
1028,11,28,series-11/1028-камень.png,камень
1029,11,29,series-11/1029-курень.png,курень
1030,11,30,series-11/1030-общий-стол.png,общий стол
1031,11,31,series-11/1031-семейная-песня.png,семейная песня
1032,11,32,series-11/1032-наличник.png,наличник
1033,11,33,series-11/1033-передача-предмета.png,передача предмета
1034,11,34,series-11/1034-упряжь.png,упряжь
1035,11,35,series-11/1035-забота.png,забота
1036,11,36,series-11/1036-круг-обучения.png,круг обучения
1037,11,37,series-11/1037-остановка.png,остановка
1038,11,38,series-11/1038-зерно-дерева.png,зерно дерева
1039,11,39,series-11/1039-резец.png,резец
1040,11,40,series-11/1040-пигменты.png,пигменты
1041,11,41,series-11/1041-кисть-и-вода.png,кисть и вода
1042,11,42,series-11/1042-трещина-стены.png,трещина стены
1043,11,43,series-11/1043-свет-росписи.png,свет росписи
1044,11,44,series-11/1044-старый-слой.png,старый слой
1045,11,45,series-11/1045-общая-работа.png,общая работа
1046,11,46,series-11/1046-запись-мастера.png,запись мастера
1047,11,47,series-11/1047-дверь-храма.png,дверь храма
1048,11,48,series-11/1048-развилка.png,развилка
1049,11,49,series-11/1049-возвращение.png,возвращение
1050,11,50,series-11/1050-следующий-штрих.png,следующий штрих
1051,11,51,series-11/1051-голос-рассказчика.png,голос рассказчика
1052,11,52,series-11/1052-жест-памяти.png,жест памяти
1053,11,53,series-11/1053-тетрадь.png,тетрадь
1054,11,54,series-11/1054-окно-к-Дону.png,окно к Дону
1055,11,55,series-11/1055-камыши.png,камыши
1056,11,56,series-11/1056-станица.png,станица
1057,11,57,series-11/1057-корни.png,корни
1058,11,58,series-11/1058-камень.png,камень
1059,11,59,series-11/1059-курень.png,курень
1060,11,60,series-11/1060-общий-стол.png,общий стол
1061,11,61,series-11/1061-семейная-песня.png,семейная песня
1062,11,62,series-11/1062-наличник.png,наличник
1063,11,63,series-11/1063-передача-предмета.png,передача предмета
1064,11,64,series-11/1064-упряжь.png,упряжь
1065,11,65,series-11/1065-забота.png,забота
1066,11,66,series-11/1066-круг-обучения.png,круг обучения
1067,11,67,series-11/1067-остановка.png,остановка
1068,11,68,series-11/1068-зерно-дерева.png,зерно дерева
1069,11,69,series-11/1069-резец.png,резец
1070,11,70,series-11/1070-пигменты.png,пигменты
1071,11,71,series-11/1071-кисть-и-вода.png,кисть и вода
1072,11,72,series-11/1072-трещина-стены.png,трещина стены
1073,11,73,series-11/1073-свет-росписи.png,свет росписи
1074,11,74,series-11/1074-старый-слой.png,старый слой
1075,11,75,series-11/1075-общая-работа.png,общая работа
1076,11,76,series-11/1076-запись-мастера.png,запись мастера
1077,11,77,series-11/1077-дверь-храма.png,дверь храма
1078,11,78,series-11/1078-развилка.png,развилка
1079,11,79,series-11/1079-возвращение.png,возвращение
1080,11,80,series-11/1080-следующий-штрих.png,следующий штрих
1081,11,81,series-11/1081-голос-рассказчика.png,голос рассказчика
1082,11,82,series-11/1082-жест-памяти.png,жест памяти
1083,11,83,series-11/1083-тетрадь.png,тетрадь
1084,11,84,series-11/1084-окно-к-Дону.png,окно к Дону
1085,11,85,series-11/1085-камыши.png,камыши
1086,11,86,series-11/1086-станица.png,станица
1087,11,87,series-11/1087-корни.png,корни
1088,11,88,series-11/1088-камень.png,камень
1089,11,89,series-11/1089-курень.png,курень
1090,11,90,series-11/1090-общий-стол.png,общий стол
1091,11,91,series-11/1091-семейная-песня.png,семейная песня
1092,11,92,series-11/1092-наличник.png,наличник
1093,11,93,series-11/1093-передача-предмета.png,передача предмета
1094,11,94,series-11/1094-упряжь.png,упряжь
1095,11,95,series-11/1095-забота.png,забота
1096,11,96,series-11/1096-круг-обучения.png,круг обучения
1097,11,97,series-11/1097-остановка.png,остановка
1098,11,98,series-11/1098-зерно-дерева.png,зерно дерева
1099,11,99,series-11/1099-резец.png,резец
1100,11,100,series-11/1100-пигменты.png,пигменты
1101,12,1,series-12/1101-кисть-и-вода.png,кисть и вода
1102,12,2,series-12/1102-трещина-стены.png,трещина стены
1103,12,3,series-12/1103-свет-росписи.png,свет росписи
1104,12,4,series-12/1104-старый-слой.png,старый слой
1105,12,5,series-12/1105-общая-работа.png,общая работа
1106,12,6,series-12/1106-запись-мастера.png,запись мастера
1107,12,7,series-12/1107-дверь-храма.png,дверь храма
1108,12,8,series-12/1108-развилка.png,развилка
1109,12,9,series-12/1109-возвращение.png,возвращение
1110,12,10,series-12/1110-следующий-штрих.png,следующий штрих
1111,12,11,series-12/1111-голос-рассказчика.png,голос рассказчика
1112,12,12,series-12/1112-жест-памяти.png,жест памяти
1113,12,13,series-12/1113-тетрадь.png,тетрадь
1114,12,14,series-12/1114-окно-к-Дону.png,окно к Дону
1115,12,15,series-12/1115-камыши.png,камыши
1116,12,16,series-12/1116-станица.png,станица
1117,12,17,series-12/1117-корни.png,корни
1118,12,18,series-12/1118-камень.png,камень
1119,12,19,series-12/1119-курень.png,курень
1120,12,20,series-12/1120-общий-стол.png,общий стол
1121,12,21,series-12/1121-семейная-песня.png,семейная песня
1122,12,22,series-12/1122-наличник.png,наличник
1123,12,23,series-12/1123-передача-предмета.png,передача предмета
1124,12,24,series-12/1124-упряжь.png,упряжь
1125,12,25,series-12/1125-забота.png,забота
1126,12,26,series-12/1126-круг-обучения.png,круг обучения
1127,12,27,series-12/1127-остановка.png,остановка
1128,12,28,series-12/1128-зерно-дерева.png,зерно дерева
1129,12,29,series-12/1129-резец.png,резец
1130,12,30,series-12/1130-пигменты.png,пигменты
1131,12,31,series-12/1131-кисть-и-вода.png,кисть и вода
1132,12,32,series-12/1132-трещина-стены.png,трещина стены
1133,12,33,series-12/1133-свет-росписи.png,свет росписи
1134,12,34,series-12/1134-старый-слой.png,старый слой
1135,12,35,series-12/1135-общая-работа.png,общая работа
1136,12,36,series-12/1136-запись-мастера.png,запись мастера
1137,12,37,series-12/1137-дверь-храма.png,дверь храма
1138,12,38,series-12/1138-развилка.png,развилка
1139,12,39,series-12/1139-возвращение.png,возвращение
1140,12,40,series-12/1140-следующий-штрих.png,следующий штрих
1141,12,41,series-12/1141-голос-рассказчика.png,голос рассказчика
1142,12,42,series-12/1142-жест-памяти.png,жест памяти
1143,12,43,series-12/1143-тетрадь.png,тетрадь
1144,12,44,series-12/1144-окно-к-Дону.png,окно к Дону
1145,12,45,series-12/1145-камыши.png,камыши
1146,12,46,series-12/1146-станица.png,станица
1147,12,47,series-12/1147-корни.png,корни
1148,12,48,series-12/1148-камень.png,камень
1149,12,49,series-12/1149-курень.png,курень
1150,12,50,series-12/1150-общий-стол.png,общий стол
1151,12,51,series-12/1151-семейная-песня.png,семейная песня
1152,12,52,series-12/1152-наличник.png,наличник
1153,12,53,series-12/1153-передача-предмета.png,передача предмета
1154,12,54,series-12/1154-упряжь.png,упряжь
1155,12,55,series-12/1155-забота.png,забота
1156,12,56,series-12/1156-круг-обучения.png,круг обучения
1157,12,57,series-12/1157-остановка.png,остановка
1158,12,58,series-12/1158-зерно-дерева.png,зерно дерева
1159,12,59,series-12/1159-резец.png,резец
1160,12,60,series-12/1160-пигменты.png,пигменты
1161,12,61,series-12/1161-кисть-и-вода.png,кисть и вода
1162,12,62,series-12/1162-трещина-стены.png,трещина стены
1163,12,63,series-12/1163-свет-росписи.png,свет росписи
1164,12,64,series-12/1164-старый-слой.png,старый слой
1165,12,65,series-12/1165-общая-работа.png,общая работа
1166,12,66,series-12/1166-запись-мастера.png,запись мастера
1167,12,67,series-12/1167-дверь-храма.png,дверь храма
1168,12,68,series-12/1168-развилка.png,развилка
1169,12,69,series-12/1169-возвращение.png,возвращение
1170,12,70,series-12/1170-следующий-штрих.png,следующий штрих
1171,12,71,series-12/1171-голос-рассказчика.png,голос рассказчика
1172,12,72,series-12/1172-жест-памяти.png,жест памяти
1173,12,73,series-12/1173-тетрадь.png,тетрадь
1174,12,74,series-12/1174-окно-к-Дону.png,окно к Дону
1175,12,75,series-12/1175-камыши.png,камыши
1176,12,76,series-12/1176-станица.png,станица
1177,12,77,series-12/1177-корни.png,корни
1178,12,78,series-12/1178-камень.png,камень
1179,12,79,series-12/1179-курень.png,курень
1180,12,80,series-12/1180-общий-стол.png,общий стол
1181,12,81,series-12/1181-семейная-песня.png,семейная песня
1182,12,82,series-12/1182-наличник.png,наличник
1183,12,83,series-12/1183-передача-предмета.png,передача предмета
1184,12,84,series-12/1184-упряжь.png,упряжь
1185,12,85,series-12/1185-забота.png,забота
1186,12,86,series-12/1186-круг-обучения.png,круг обучения
1187,12,87,series-12/1187-остановка.png,остановка
1188,12,88,series-12/1188-зерно-дерева.png,зерно дерева
1189,12,89,series-12/1189-резец.png,резец
1190,12,90,series-12/1190-пигменты.png,пигменты
1191,12,91,series-12/1191-кисть-и-вода.png,кисть и вода
1192,12,92,series-12/1192-трещина-стены.png,трещина стены
1193,12,93,series-12/1193-свет-росписи.png,свет росписи
1194,12,94,series-12/1194-старый-слой.png,старый слой
1195,12,95,series-12/1195-общая-работа.png,общая работа
1196,12,96,series-12/1196-запись-мастера.png,запись мастера
1197,12,97,series-12/1197-дверь-храма.png,дверь храма
1198,12,98,series-12/1198-развилка.png,развилка
1199,12,99,series-12/1199-возвращение.png,возвращение
1200,12,100,series-12/1200-следующий-штрих.png,следующий штрих
1201,13,1,series-13/1201-голос-рассказчика.png,голос рассказчика
1202,13,2,series-13/1202-жест-памяти.png,жест памяти
1203,13,3,series-13/1203-тетрадь.png,тетрадь
1204,13,4,series-13/1204-окно-к-Дону.png,окно к Дону
1205,13,5,series-13/1205-камыши.png,камыши
1206,13,6,series-13/1206-станица.png,станица
1207,13,7,series-13/1207-корни.png,корни
1208,13,8,series-13/1208-камень.png,камень
1209,13,9,series-13/1209-курень.png,курень
1210,13,10,series-13/1210-общий-стол.png,общий стол
1211,13,11,series-13/1211-семейная-песня.png,семейная песня
1212,13,12,series-13/1212-наличник.png,наличник
1213,13,13,series-13/1213-передача-предмета.png,передача предмета
1214,13,14,series-13/1214-упряжь.png,упряжь
1215,13,15,series-13/1215-забота.png,забота
1216,13,16,series-13/1216-круг-обучения.png,круг обучения
1217,13,17,series-13/1217-остановка.png,остановка
1218,13,18,series-13/1218-зерно-дерева.png,зерно дерева
1219,13,19,series-13/1219-резец.png,резец
1220,13,20,series-13/1220-пигменты.png,пигменты
1221,13,21,series-13/1221-кисть-и-вода.png,кисть и вода
1222,13,22,series-13/1222-трещина-стены.png,трещина стены
1223,13,23,series-13/1223-свет-росписи.png,свет росписи
1224,13,24,series-13/1224-старый-слой.png,старый слой
1225,13,25,series-13/1225-общая-работа.png,общая работа
1226,13,26,series-13/1226-запись-мастера.png,запись мастера
1227,13,27,series-13/1227-дверь-храма.png,дверь храма
1228,13,28,series-13/1228-развилка.png,развилка
1229,13,29,series-13/1229-возвращение.png,возвращение
1230,13,30,series-13/1230-следующий-штрих.png,следующий штрих
1231,13,31,series-13/1231-голос-рассказчика.png,голос рассказчика
1232,13,32,series-13/1232-жест-памяти.png,жест памяти
1233,13,33,series-13/1233-тетрадь.png,тетрадь
1234,13,34,series-13/1234-окно-к-Дону.png,окно к Дону
1235,13,35,series-13/1235-камыши.png,камыши
1236,13,36,series-13/1236-станица.png,станица
1237,13,37,series-13/1237-корни.png,корни
1238,13,38,series-13/1238-камень.png,камень
1239,13,39,series-13/1239-курень.png,курень
1240,13,40,series-13/1240-общий-стол.png,общий стол
1241,13,41,series-13/1241-семейная-песня.png,семейная песня
1242,13,42,series-13/1242-наличник.png,наличник
1243,13,43,series-13/1243-передача-предмета.png,передача предмета
1244,13,44,series-13/1244-упряжь.png,упряжь
1245,13,45,series-13/1245-забота.png,забота
1246,13,46,series-13/1246-круг-обучения.png,круг обучения
1247,13,47,series-13/1247-остановка.png,остановка
1248,13,48,series-13/1248-зерно-дерева.png,зерно дерева
1249,13,49,series-13/1249-резец.png,резец
1250,13,50,series-13/1250-пигменты.png,пигменты
1251,13,51,series-13/1251-кисть-и-вода.png,кисть и вода
1252,13,52,series-13/1252-трещина-стены.png,трещина стены
1253,13,53,series-13/1253-свет-росписи.png,свет росписи
1254,13,54,series-13/1254-старый-слой.png,старый слой
1255,13,55,series-13/1255-общая-работа.png,общая работа
1256,13,56,series-13/1256-запись-мастера.png,запись мастера
1257,13,57,series-13/1257-дверь-храма.png,дверь храма
1258,13,58,series-13/1258-развилка.png,развилка
1259,13,59,series-13/1259-возвращение.png,возвращение
1260,13,60,series-13/1260-следующий-штрих.png,следующий штрих
1261,13,61,series-13/1261-голос-рассказчика.png,голос рассказчика
1262,13,62,series-13/1262-жест-памяти.png,жест памяти
1263,13,63,series-13/1263-тетрадь.png,тетрадь
1264,13,64,series-13/1264-окно-к-Дону.png,окно к Дону
1265,13,65,series-13/1265-камыши.png,камыши
1266,13,66,series-13/1266-станица.png,станица
1267,13,67,series-13/1267-корни.png,корни
1268,13,68,series-13/1268-камень.png,камень
1269,13,69,series-13/1269-курень.png,курень
1270,13,70,series-13/1270-общий-стол.png,общий стол
1271,13,71,series-13/1271-семейная-песня.png,семейная песня
1272,13,72,series-13/1272-наличник.png,наличник
1273,13,73,series-13/1273-передача-предмета.png,передача предмета
1274,13,74,series-13/1274-упряжь.png,упряжь
1275,13,75,series-13/1275-забота.png,забота
1276,13,76,series-13/1276-круг-обучения.png,круг обучения
1277,13,77,series-13/1277-остановка.png,остановка
1278,13,78,series-13/1278-зерно-дерева.png,зерно дерева
1279,13,79,series-13/1279-резец.png,резец
1280,13,80,series-13/1280-пигменты.png,пигменты
1281,13,81,series-13/1281-кисть-и-вода.png,кисть и вода
1282,13,82,series-13/1282-трещина-стены.png,трещина стены
1283,13,83,series-13/1283-свет-росписи.png,свет росписи
1284,13,84,series-13/1284-старый-слой.png,старый слой
1285,13,85,series-13/1285-общая-работа.png,общая работа
1286,13,86,series-13/1286-запись-мастера.png,запись мастера
1287,13,87,series-13/1287-дверь-храма.png,дверь храма
1288,13,88,series-13/1288-развилка.png,развилка
1289,13,89,series-13/1289-возвращение.png,возвращение
1290,13,90,series-13/1290-следующий-штрих.png,следующий штрих
1291,13,91,series-13/1291-голос-рассказчика.png,голос рассказчика
1292,13,92,series-13/1292-жест-памяти.png,жест памяти
1293,13,93,series-13/1293-тетрадь.png,тетрадь
1294,13,94,series-13/1294-окно-к-Дону.png,окно к Дону
1295,13,95,series-13/1295-камыши.png,камыши
1296,13,96,series-13/1296-станица.png,станица
1297,13,97,series-13/1297-корни.png,корни
1298,13,98,series-13/1298-камень.png,камень
1299,13,99,series-13/1299-курень.png,курень
1300,13,100,series-13/1300-общий-стол.png,общий стол
1301,14,1,series-14/1301-семейная-песня.png,семейная песня
1302,14,2,series-14/1302-наличник.png,наличник
1303,14,3,series-14/1303-передача-предмета.png,передача предмета
1304,14,4,series-14/1304-упряжь.png,упряжь
1305,14,5,series-14/1305-забота.png,забота
1306,14,6,series-14/1306-круг-обучения.png,круг обучения
1307,14,7,series-14/1307-остановка.png,остановка
1308,14,8,series-14/1308-зерно-дерева.png,зерно дерева
1309,14,9,series-14/1309-резец.png,резец
1310,14,10,series-14/1310-пигменты.png,пигменты
1311,14,11,series-14/1311-кисть-и-вода.png,кисть и вода
1312,14,12,series-14/1312-трещина-стены.png,трещина стены
1313,14,13,series-14/1313-свет-росписи.png,свет росписи
1314,14,14,series-14/1314-старый-слой.png,старый слой
1315,14,15,series-14/1315-общая-работа.png,общая работа
1316,14,16,series-14/1316-запись-мастера.png,запись мастера
1317,14,17,series-14/1317-дверь-храма.png,дверь храма
1318,14,18,series-14/1318-развилка.png,развилка
1319,14,19,series-14/1319-возвращение.png,возвращение
1320,14,20,series-14/1320-следующий-штрих.png,следующий штрих
1321,14,21,series-14/1321-голос-рассказчика.png,голос рассказчика
1322,14,22,series-14/1322-жест-памяти.png,жест памяти
1323,14,23,series-14/1323-тетрадь.png,тетрадь
1324,14,24,series-14/1324-окно-к-Дону.png,окно к Дону
1325,14,25,series-14/1325-камыши.png,камыши
1326,14,26,series-14/1326-станица.png,станица
1327,14,27,series-14/1327-корни.png,корни
1328,14,28,series-14/1328-камень.png,камень
1329,14,29,series-14/1329-курень.png,курень
1330,14,30,series-14/1330-общий-стол.png,общий стол
1331,14,31,series-14/1331-семейная-песня.png,семейная песня
1332,14,32,series-14/1332-наличник.png,наличник
1333,14,33,series-14/1333-передача-предмета.png,передача предмета
1334,14,34,series-14/1334-упряжь.png,упряжь
1335,14,35,series-14/1335-забота.png,забота
1336,14,36,series-14/1336-круг-обучения.png,круг обучения
1337,14,37,series-14/1337-остановка.png,остановка
1338,14,38,series-14/1338-зерно-дерева.png,зерно дерева
1339,14,39,series-14/1339-резец.png,резец
1340,14,40,series-14/1340-пигменты.png,пигменты
1341,14,41,series-14/1341-кисть-и-вода.png,кисть и вода
1342,14,42,series-14/1342-трещина-стены.png,трещина стены
1343,14,43,series-14/1343-свет-росписи.png,свет росписи
1344,14,44,series-14/1344-старый-слой.png,старый слой
1345,14,45,series-14/1345-общая-работа.png,общая работа
1346,14,46,series-14/1346-запись-мастера.png,запись мастера
1347,14,47,series-14/1347-дверь-храма.png,дверь храма
1348,14,48,series-14/1348-развилка.png,развилка
1349,14,49,series-14/1349-возвращение.png,возвращение
1350,14,50,series-14/1350-следующий-штрих.png,следующий штрих
1351,14,51,series-14/1351-голос-рассказчика.png,голос рассказчика
1352,14,52,series-14/1352-жест-памяти.png,жест памяти
1353,14,53,series-14/1353-тетрадь.png,тетрадь
1354,14,54,series-14/1354-окно-к-Дону.png,окно к Дону
1355,14,55,series-14/1355-камыши.png,камыши
1356,14,56,series-14/1356-станица.png,станица
1357,14,57,series-14/1357-корни.png,корни
1358,14,58,series-14/1358-камень.png,камень
1359,14,59,series-14/1359-курень.png,курень
1360,14,60,series-14/1360-общий-стол.png,общий стол
1361,14,61,series-14/1361-семейная-песня.png,семейная песня
1362,14,62,series-14/1362-наличник.png,наличник
1363,14,63,series-14/1363-передача-предмета.png,передача предмета
1364,14,64,series-14/1364-упряжь.png,упряжь
1365,14,65,series-14/1365-забота.png,забота
1366,14,66,series-14/1366-круг-обучения.png,круг обучения
1367,14,67,series-14/1367-остановка.png,остановка
1368,14,68,series-14/1368-зерно-дерева.png,зерно дерева
1369,14,69,series-14/1369-резец.png,резец
1370,14,70,series-14/1370-пигменты.png,пигменты
1371,14,71,series-14/1371-кисть-и-вода.png,кисть и вода
1372,14,72,series-14/1372-трещина-стены.png,трещина стены
1373,14,73,series-14/1373-свет-росписи.png,свет росписи
1374,14,74,series-14/1374-старый-слой.png,старый слой
1375,14,75,series-14/1375-общая-работа.png,общая работа
1376,14,76,series-14/1376-запись-мастера.png,запись мастера
1377,14,77,series-14/1377-дверь-храма.png,дверь храма
1378,14,78,series-14/1378-развилка.png,развилка
1379,14,79,series-14/1379-возвращение.png,возвращение
1380,14,80,series-14/1380-следующий-штрих.png,следующий штрих
1381,14,81,series-14/1381-голос-рассказчика.png,голос рассказчика
1382,14,82,series-14/1382-жест-памяти.png,жест памяти
1383,14,83,series-14/1383-тетрадь.png,тетрадь
1384,14,84,series-14/1384-окно-к-Дону.png,окно к Дону
1385,14,85,series-14/1385-камыши.png,камыши
1386,14,86,series-14/1386-станица.png,станица
1387,14,87,series-14/1387-корни.png,корни
1388,14,88,series-14/1388-камень.png,камень
1389,14,89,series-14/1389-курень.png,курень
1390,14,90,series-14/1390-общий-стол.png,общий стол
1391,14,91,series-14/1391-семейная-песня.png,семейная песня
1392,14,92,series-14/1392-наличник.png,наличник
1393,14,93,series-14/1393-передача-предмета.png,передача предмета
1394,14,94,series-14/1394-упряжь.png,упряжь
1395,14,95,series-14/1395-забота.png,забота
1396,14,96,series-14/1396-круг-обучения.png,круг обучения
1397,14,97,series-14/1397-остановка.png,остановка
1398,14,98,series-14/1398-зерно-дерева.png,зерно дерева
1399,14,99,series-14/1399-резец.png,резец
1400,14,100,series-14/1400-пигменты.png,пигменты
1401,15,1,series-15/1401-кисть-и-вода.png,кисть и вода
1402,15,2,series-15/1402-трещина-стены.png,трещина стены
1403,15,3,series-15/1403-свет-росписи.png,свет росписи
1404,15,4,series-15/1404-старый-слой.png,старый слой
1405,15,5,series-15/1405-общая-работа.png,общая работа
1406,15,6,series-15/1406-запись-мастера.png,запись мастера
1407,15,7,series-15/1407-дверь-храма.png,дверь храма
1408,15,8,series-15/1408-развилка.png,развилка
1409,15,9,series-15/1409-возвращение.png,возвращение
1410,15,10,series-15/1410-следующий-штрих.png,следующий штрих
1411,15,11,series-15/1411-голос-рассказчика.png,голос рассказчика
1412,15,12,series-15/1412-жест-памяти.png,жест памяти
1413,15,13,series-15/1413-тетрадь.png,тетрадь
1414,15,14,series-15/1414-окно-к-Дону.png,окно к Дону
1415,15,15,series-15/1415-камыши.png,камыши
1416,15,16,series-15/1416-станица.png,станица
1417,15,17,series-15/1417-корни.png,корни
1418,15,18,series-15/1418-камень.png,камень
1419,15,19,series-15/1419-курень.png,курень
1420,15,20,series-15/1420-общий-стол.png,общий стол
1421,15,21,series-15/1421-семейная-песня.png,семейная песня
1422,15,22,series-15/1422-наличник.png,наличник
1423,15,23,series-15/1423-передача-предмета.png,передача предмета
1424,15,24,series-15/1424-упряжь.png,упряжь
1425,15,25,series-15/1425-забота.png,забота
1426,15,26,series-15/1426-круг-обучения.png,круг обучения
1427,15,27,series-15/1427-остановка.png,остановка
1428,15,28,series-15/1428-зерно-дерева.png,зерно дерева
1429,15,29,series-15/1429-резец.png,резец
1430,15,30,series-15/1430-пигменты.png,пигменты
1431,15,31,series-15/1431-кисть-и-вода.png,кисть и вода
1432,15,32,series-15/1432-трещина-стены.png,трещина стены
1433,15,33,series-15/1433-свет-росписи.png,свет росписи
1434,15,34,series-15/1434-старый-слой.png,старый слой
1435,15,35,series-15/1435-общая-работа.png,общая работа
1436,15,36,series-15/1436-запись-мастера.png,запись мастера
1437,15,37,series-15/1437-дверь-храма.png,дверь храма
1438,15,38,series-15/1438-развилка.png,развилка
1439,15,39,series-15/1439-возвращение.png,возвращение
1440,15,40,series-15/1440-следующий-штрих.png,следующий штрих
1441,15,41,series-15/1441-голос-рассказчика.png,голос рассказчика
1442,15,42,series-15/1442-жест-памяти.png,жест памяти
1443,15,43,series-15/1443-тетрадь.png,тетрадь
1444,15,44,series-15/1444-окно-к-Дону.png,окно к Дону
1445,15,45,series-15/1445-камыши.png,камыши
1446,15,46,series-15/1446-станица.png,станица
1447,15,47,series-15/1447-корни.png,корни
1448,15,48,series-15/1448-камень.png,камень
1449,15,49,series-15/1449-курень.png,курень
1450,15,50,series-15/1450-общий-стол.png,общий стол
1451,15,51,series-15/1451-семейная-песня.png,семейная песня
1452,15,52,series-15/1452-наличник.png,наличник
1453,15,53,series-15/1453-передача-предмета.png,передача предмета
1454,15,54,series-15/1454-упряжь.png,упряжь
1455,15,55,series-15/1455-забота.png,забота
1456,15,56,series-15/1456-круг-обучения.png,круг обучения
1457,15,57,series-15/1457-остановка.png,остановка
1458,15,58,series-15/1458-зерно-дерева.png,зерно дерева
1459,15,59,series-15/1459-резец.png,резец
1460,15,60,series-15/1460-пигменты.png,пигменты
1461,15,61,series-15/1461-кисть-и-вода.png,кисть и вода
1462,15,62,series-15/1462-трещина-стены.png,трещина стены
1463,15,63,series-15/1463-свет-росписи.png,свет росписи
1464,15,64,series-15/1464-старый-слой.png,старый слой
1465,15,65,series-15/1465-общая-работа.png,общая работа
1466,15,66,series-15/1466-запись-мастера.png,запись мастера
1467,15,67,series-15/1467-дверь-храма.png,дверь храма
1468,15,68,series-15/1468-развилка.png,развилка
1469,15,69,series-15/1469-возвращение.png,возвращение
1470,15,70,series-15/1470-следующий-штрих.png,следующий штрих
1471,15,71,series-15/1471-голос-рассказчика.png,голос рассказчика
1472,15,72,series-15/1472-жест-памяти.png,жест памяти
1473,15,73,series-15/1473-тетрадь.png,тетрадь
1474,15,74,series-15/1474-окно-к-Дону.png,окно к Дону
1475,15,75,series-15/1475-камыши.png,камыши
1476,15,76,series-15/1476-станица.png,станица
1477,15,77,series-15/1477-корни.png,корни
1478,15,78,series-15/1478-камень.png,камень
1479,15,79,series-15/1479-курень.png,курень
1480,15,80,series-15/1480-общий-стол.png,общий стол
1481,15,81,series-15/1481-семейная-песня.png,семейная песня
1482,15,82,series-15/1482-наличник.png,наличник
1483,15,83,series-15/1483-передача-предмета.png,передача предмета
1484,15,84,series-15/1484-упряжь.png,упряжь
1485,15,85,series-15/1485-забота.png,забота
1486,15,86,series-15/1486-круг-обучения.png,круг обучения
1487,15,87,series-15/1487-остановка.png,остановка
1488,15,88,series-15/1488-зерно-дерева.png,зерно дерева
1489,15,89,series-15/1489-резец.png,резец
1490,15,90,series-15/1490-пигменты.png,пигменты
1491,15,91,series-15/1491-кисть-и-вода.png,кисть и вода
1492,15,92,series-15/1492-трещина-стены.png,трещина стены
1493,15,93,series-15/1493-свет-росписи.png,свет росписи
1494,15,94,series-15/1494-старый-слой.png,старый слой
1495,15,95,series-15/1495-общая-работа.png,общая работа
1496,15,96,series-15/1496-запись-мастера.png,запись мастера
1497,15,97,series-15/1497-дверь-храма.png,дверь храма
1498,15,98,series-15/1498-развилка.png,развилка
1499,15,99,series-15/1499-возвращение.png,возвращение
1500,15,100,series-15/1500-следующий-штрих.png,следующий штрих
1501,16,1,series-16/1501-голос-рассказчика.png,голос рассказчика
1502,16,2,series-16/1502-жест-памяти.png,жест памяти
1503,16,3,series-16/1503-тетрадь.png,тетрадь
1504,16,4,series-16/1504-окно-к-Дону.png,окно к Дону
1505,16,5,series-16/1505-камыши.png,камыши
1506,16,6,series-16/1506-станица.png,станица
1507,16,7,series-16/1507-корни.png,корни
1508,16,8,series-16/1508-камень.png,камень
1509,16,9,series-16/1509-курень.png,курень
1510,16,10,series-16/1510-общий-стол.png,общий стол
1511,16,11,series-16/1511-семейная-песня.png,семейная песня
1512,16,12,series-16/1512-наличник.png,наличник
1513,16,13,series-16/1513-передача-предмета.png,передача предмета
1514,16,14,series-16/1514-упряжь.png,упряжь
1515,16,15,series-16/1515-забота.png,забота
1516,16,16,series-16/1516-круг-обучения.png,круг обучения
1517,16,17,series-16/1517-остановка.png,остановка
1518,16,18,series-16/1518-зерно-дерева.png,зерно дерева
1519,16,19,series-16/1519-резец.png,резец
1520,16,20,series-16/1520-пигменты.png,пигменты
1521,16,21,series-16/1521-кисть-и-вода.png,кисть и вода
1522,16,22,series-16/1522-трещина-стены.png,трещина стены
1523,16,23,series-16/1523-свет-росписи.png,свет росписи
1524,16,24,series-16/1524-старый-слой.png,старый слой
1525,16,25,series-16/1525-общая-работа.png,общая работа
1526,16,26,series-16/1526-запись-мастера.png,запись мастера
1527,16,27,series-16/1527-дверь-храма.png,дверь храма
1528,16,28,series-16/1528-развилка.png,развилка
1529,16,29,series-16/1529-возвращение.png,возвращение
1530,16,30,series-16/1530-следующий-штрих.png,следующий штрих
1531,16,31,series-16/1531-голос-рассказчика.png,голос рассказчика
1532,16,32,series-16/1532-жест-памяти.png,жест памяти
1533,16,33,series-16/1533-тетрадь.png,тетрадь
1534,16,34,series-16/1534-окно-к-Дону.png,окно к Дону
1535,16,35,series-16/1535-камыши.png,камыши
1536,16,36,series-16/1536-станица.png,станица
1537,16,37,series-16/1537-корни.png,корни
1538,16,38,series-16/1538-камень.png,камень
1539,16,39,series-16/1539-курень.png,курень
1540,16,40,series-16/1540-общий-стол.png,общий стол
1541,16,41,series-16/1541-семейная-песня.png,семейная песня
1542,16,42,series-16/1542-наличник.png,наличник
1543,16,43,series-16/1543-передача-предмета.png,передача предмета
1544,16,44,series-16/1544-упряжь.png,упряжь
1545,16,45,series-16/1545-забота.png,забота
1546,16,46,series-16/1546-круг-обучения.png,круг обучения
1547,16,47,series-16/1547-остановка.png,остановка
1548,16,48,series-16/1548-зерно-дерева.png,зерно дерева
1549,16,49,series-16/1549-резец.png,резец
1550,16,50,series-16/1550-пигменты.png,пигменты
1551,16,51,series-16/1551-кисть-и-вода.png,кисть и вода
1552,16,52,series-16/1552-трещина-стены.png,трещина стены
1553,16,53,series-16/1553-свет-росписи.png,свет росписи
1554,16,54,series-16/1554-старый-слой.png,старый слой
1555,16,55,series-16/1555-общая-работа.png,общая работа
1556,16,56,series-16/1556-запись-мастера.png,запись мастера
1557,16,57,series-16/1557-дверь-храма.png,дверь храма
1558,16,58,series-16/1558-развилка.png,развилка
1559,16,59,series-16/1559-возвращение.png,возвращение
1560,16,60,series-16/1560-следующий-штрих.png,следующий штрих
1561,16,61,series-16/1561-голос-рассказчика.png,голос рассказчика
1562,16,62,series-16/1562-жест-памяти.png,жест памяти
1563,16,63,series-16/1563-тетрадь.png,тетрадь
1564,16,64,series-16/1564-окно-к-Дону.png,окно к Дону
1565,16,65,series-16/1565-камыши.png,камыши
1566,16,66,series-16/1566-станица.png,станица
1567,16,67,series-16/1567-корни.png,корни
1568,16,68,series-16/1568-камень.png,камень
1569,16,69,series-16/1569-курень.png,курень
1570,16,70,series-16/1570-общий-стол.png,общий стол
1571,16,71,series-16/1571-семейная-песня.png,семейная песня
1572,16,72,series-16/1572-наличник.png,наличник
1573,16,73,series-16/1573-передача-предмета.png,передача предмета
1574,16,74,series-16/1574-упряжь.png,упряжь
1575,16,75,series-16/1575-забота.png,забота
1576,16,76,series-16/1576-круг-обучения.png,круг обучения
1577,16,77,series-16/1577-остановка.png,остановка
1578,16,78,series-16/1578-зерно-дерева.png,зерно дерева
1579,16,79,series-16/1579-резец.png,резец
1580,16,80,series-16/1580-пигменты.png,пигменты
1581,16,81,series-16/1581-кисть-и-вода.png,кисть и вода
1582,16,82,series-16/1582-трещина-стены.png,трещина стены
1583,16,83,series-16/1583-свет-росписи.png,свет росписи
1584,16,84,series-16/1584-старый-слой.png,старый слой
1585,16,85,series-16/1585-общая-работа.png,общая работа
1586,16,86,series-16/1586-запись-мастера.png,запись мастера
1587,16,87,series-16/1587-дверь-храма.png,дверь храма
1588,16,88,series-16/1588-развилка.png,развилка
1589,16,89,series-16/1589-возвращение.png,возвращение
1590,16,90,series-16/1590-следующий-штрих.png,следующий штрих
1591,16,91,series-16/1591-голос-рассказчика.png,голос рассказчика
1592,16,92,series-16/1592-жест-памяти.png,жест памяти
1593,16,93,series-16/1593-тетрадь.png,тетрадь
1594,16,94,series-16/1594-окно-к-Дону.png,окно к Дону
1595,16,95,series-16/1595-камыши.png,камыши
1596,16,96,series-16/1596-станица.png,станица
1597,16,97,series-16/1597-корни.png,корни
1598,16,98,series-16/1598-камень.png,камень
1599,16,99,series-16/1599-курень.png,курень
1600,16,100,series-16/1600-общий-стол.png,общий стол
1601,17,1,series-17/1601-семейная-песня.png,семейная песня
1602,17,2,series-17/1602-наличник.png,наличник
1603,17,3,series-17/1603-передача-предмета.png,передача предмета
1604,17,4,series-17/1604-упряжь.png,упряжь
1605,17,5,series-17/1605-забота.png,забота
1606,17,6,series-17/1606-круг-обучения.png,круг обучения
1607,17,7,series-17/1607-остановка.png,остановка
1608,17,8,series-17/1608-зерно-дерева.png,зерно дерева
1609,17,9,series-17/1609-резец.png,резец
1610,17,10,series-17/1610-пигменты.png,пигменты
1611,17,11,series-17/1611-кисть-и-вода.png,кисть и вода
1612,17,12,series-17/1612-трещина-стены.png,трещина стены
1613,17,13,series-17/1613-свет-росписи.png,свет росписи
1614,17,14,series-17/1614-старый-слой.png,старый слой
1615,17,15,series-17/1615-общая-работа.png,общая работа
1616,17,16,series-17/1616-запись-мастера.png,запись мастера
1617,17,17,series-17/1617-дверь-храма.png,дверь храма
1618,17,18,series-17/1618-развилка.png,развилка
1619,17,19,series-17/1619-возвращение.png,возвращение
1620,17,20,series-17/1620-следующий-штрих.png,следующий штрих
1621,17,21,series-17/1621-голос-рассказчика.png,голос рассказчика
1622,17,22,series-17/1622-жест-памяти.png,жест памяти
1623,17,23,series-17/1623-тетрадь.png,тетрадь
1624,17,24,series-17/1624-окно-к-Дону.png,окно к Дону
1625,17,25,series-17/1625-камыши.png,камыши
1626,17,26,series-17/1626-станица.png,станица
1627,17,27,series-17/1627-корни.png,корни
1628,17,28,series-17/1628-камень.png,камень
1629,17,29,series-17/1629-курень.png,курень
1630,17,30,series-17/1630-общий-стол.png,общий стол
1631,17,31,series-17/1631-семейная-песня.png,семейная песня
1632,17,32,series-17/1632-наличник.png,наличник
1633,17,33,series-17/1633-передача-предмета.png,передача предмета
1634,17,34,series-17/1634-упряжь.png,упряжь
1635,17,35,series-17/1635-забота.png,забота
1636,17,36,series-17/1636-круг-обучения.png,круг обучения
1637,17,37,series-17/1637-остановка.png,остановка
1638,17,38,series-17/1638-зерно-дерева.png,зерно дерева
1639,17,39,series-17/1639-резец.png,резец
1640,17,40,series-17/1640-пигменты.png,пигменты
1641,17,41,series-17/1641-кисть-и-вода.png,кисть и вода
1642,17,42,series-17/1642-трещина-стены.png,трещина стены
1643,17,43,series-17/1643-свет-росписи.png,свет росписи
1644,17,44,series-17/1644-старый-слой.png,старый слой
1645,17,45,series-17/1645-общая-работа.png,общая работа
1646,17,46,series-17/1646-запись-мастера.png,запись мастера
1647,17,47,series-17/1647-дверь-храма.png,дверь храма
1648,17,48,series-17/1648-развилка.png,развилка
1649,17,49,series-17/1649-возвращение.png,возвращение
1650,17,50,series-17/1650-следующий-штрих.png,следующий штрих
1651,17,51,series-17/1651-голос-рассказчика.png,голос рассказчика
1652,17,52,series-17/1652-жест-памяти.png,жест памяти
1653,17,53,series-17/1653-тетрадь.png,тетрадь
1654,17,54,series-17/1654-окно-к-Дону.png,окно к Дону
1655,17,55,series-17/1655-камыши.png,камыши
1656,17,56,series-17/1656-станица.png,станица
1657,17,57,series-17/1657-корни.png,корни
1658,17,58,series-17/1658-камень.png,камень
1659,17,59,series-17/1659-курень.png,курень
1660,17,60,series-17/1660-общий-стол.png,общий стол
1661,17,61,series-17/1661-семейная-песня.png,семейная песня
1662,17,62,series-17/1662-наличник.png,наличник
1663,17,63,series-17/1663-передача-предмета.png,передача предмета
1664,17,64,series-17/1664-упряжь.png,упряжь
1665,17,65,series-17/1665-забота.png,забота
1666,17,66,series-17/1666-круг-обучения.png,круг обучения
1667,17,67,series-17/1667-остановка.png,остановка
1668,17,68,series-17/1668-зерно-дерева.png,зерно дерева
1669,17,69,series-17/1669-резец.png,резец
1670,17,70,series-17/1670-пигменты.png,пигменты
1671,17,71,series-17/1671-кисть-и-вода.png,кисть и вода
1672,17,72,series-17/1672-трещина-стены.png,трещина стены
1673,17,73,series-17/1673-свет-росписи.png,свет росписи
1674,17,74,series-17/1674-старый-слой.png,старый слой
1675,17,75,series-17/1675-общая-работа.png,общая работа
1676,17,76,series-17/1676-запись-мастера.png,запись мастера
1677,17,77,series-17/1677-дверь-храма.png,дверь храма
1678,17,78,series-17/1678-развилка.png,развилка
1679,17,79,series-17/1679-возвращение.png,возвращение
1680,17,80,series-17/1680-следующий-штрих.png,следующий штрих
1681,17,81,series-17/1681-голос-рассказчика.png,голос рассказчика
1682,17,82,series-17/1682-жест-памяти.png,жест памяти
1683,17,83,series-17/1683-тетрадь.png,тетрадь
1684,17,84,series-17/1684-окно-к-Дону.png,окно к Дону
1685,17,85,series-17/1685-камыши.png,камыши
1686,17,86,series-17/1686-станица.png,станица
1687,17,87,series-17/1687-корни.png,корни
1688,17,88,series-17/1688-камень.png,камень
1689,17,89,series-17/1689-курень.png,курень
1690,17,90,series-17/1690-общий-стол.png,общий стол
1691,17,91,series-17/1691-семейная-песня.png,семейная песня
1692,17,92,series-17/1692-наличник.png,наличник
1693,17,93,series-17/1693-передача-предмета.png,передача предмета
1694,17,94,series-17/1694-упряжь.png,упряжь
1695,17,95,series-17/1695-забота.png,забота
1696,17,96,series-17/1696-круг-обучения.png,круг обучения
1697,17,97,series-17/1697-остановка.png,остановка
1698,17,98,series-17/1698-зерно-дерева.png,зерно дерева
1699,17,99,series-17/1699-резец.png,резец
1700,17,100,series-17/1700-пигменты.png,пигменты
1701,18,1,series-18/1701-кисть-и-вода.png,кисть и вода
1702,18,2,series-18/1702-трещина-стены.png,трещина стены
1703,18,3,series-18/1703-свет-росписи.png,свет росписи
1704,18,4,series-18/1704-старый-слой.png,старый слой
1705,18,5,series-18/1705-общая-работа.png,общая работа
1706,18,6,series-18/1706-запись-мастера.png,запись мастера
1707,18,7,series-18/1707-дверь-храма.png,дверь храма
1708,18,8,series-18/1708-развилка.png,развилка
1709,18,9,series-18/1709-возвращение.png,возвращение
1710,18,10,series-18/1710-следующий-штрих.png,следующий штрих
1711,18,11,series-18/1711-голос-рассказчика.png,голос рассказчика
1712,18,12,series-18/1712-жест-памяти.png,жест памяти
1713,18,13,series-18/1713-тетрадь.png,тетрадь
1714,18,14,series-18/1714-окно-к-Дону.png,окно к Дону
1715,18,15,series-18/1715-камыши.png,камыши
1716,18,16,series-18/1716-станица.png,станица
1717,18,17,series-18/1717-корни.png,корни
1718,18,18,series-18/1718-камень.png,камень
1719,18,19,series-18/1719-курень.png,курень
1720,18,20,series-18/1720-общий-стол.png,общий стол
1721,18,21,series-18/1721-семейная-песня.png,семейная песня
1722,18,22,series-18/1722-наличник.png,наличник
1723,18,23,series-18/1723-передача-предмета.png,передача предмета
1724,18,24,series-18/1724-упряжь.png,упряжь
1725,18,25,series-18/1725-забота.png,забота
1726,18,26,series-18/1726-круг-обучения.png,круг обучения
1727,18,27,series-18/1727-остановка.png,остановка
1728,18,28,series-18/1728-зерно-дерева.png,зерно дерева
1729,18,29,series-18/1729-резец.png,резец
1730,18,30,series-18/1730-пигменты.png,пигменты
1731,18,31,series-18/1731-кисть-и-вода.png,кисть и вода
1732,18,32,series-18/1732-трещина-стены.png,трещина стены
1733,18,33,series-18/1733-свет-росписи.png,свет росписи
1734,18,34,series-18/1734-старый-слой.png,старый слой
1735,18,35,series-18/1735-общая-работа.png,общая работа
1736,18,36,series-18/1736-запись-мастера.png,запись мастера
1737,18,37,series-18/1737-дверь-храма.png,дверь храма
1738,18,38,series-18/1738-развилка.png,развилка
1739,18,39,series-18/1739-возвращение.png,возвращение
1740,18,40,series-18/1740-следующий-штрих.png,следующий штрих
1741,18,41,series-18/1741-голос-рассказчика.png,голос рассказчика
1742,18,42,series-18/1742-жест-памяти.png,жест памяти
1743,18,43,series-18/1743-тетрадь.png,тетрадь
1744,18,44,series-18/1744-окно-к-Дону.png,окно к Дону
1745,18,45,series-18/1745-камыши.png,камыши
1746,18,46,series-18/1746-станица.png,станица
1747,18,47,series-18/1747-корни.png,корни
1748,18,48,series-18/1748-камень.png,камень
1749,18,49,series-18/1749-курень.png,курень
1750,18,50,series-18/1750-общий-стол.png,общий стол
1751,18,51,series-18/1751-семейная-песня.png,семейная песня
1752,18,52,series-18/1752-наличник.png,наличник
1753,18,53,series-18/1753-передача-предмета.png,передача предмета
1754,18,54,series-18/1754-упряжь.png,упряжь
1755,18,55,series-18/1755-забота.png,забота
1756,18,56,series-18/1756-круг-обучения.png,круг обучения
1757,18,57,series-18/1757-остановка.png,остановка
1758,18,58,series-18/1758-зерно-дерева.png,зерно дерева
1759,18,59,series-18/1759-резец.png,резец
1760,18,60,series-18/1760-пигменты.png,пигменты
1761,18,61,series-18/1761-кисть-и-вода.png,кисть и вода
1762,18,62,series-18/1762-трещина-стены.png,трещина стены
1763,18,63,series-18/1763-свет-росписи.png,свет росписи
1764,18,64,series-18/1764-старый-слой.png,старый слой
1765,18,65,series-18/1765-общая-работа.png,общая работа
1766,18,66,series-18/1766-запись-мастера.png,запись мастера
1767,18,67,series-18/1767-дверь-храма.png,дверь храма
1768,18,68,series-18/1768-развилка.png,развилка
1769,18,69,series-18/1769-возвращение.png,возвращение
1770,18,70,series-18/1770-следующий-штрих.png,следующий штрих
1771,18,71,series-18/1771-голос-рассказчика.png,голос рассказчика
1772,18,72,series-18/1772-жест-памяти.png,жест памяти
1773,18,73,series-18/1773-тетрадь.png,тетрадь
1774,18,74,series-18/1774-окно-к-Дону.png,окно к Дону
1775,18,75,series-18/1775-камыши.png,камыши
1776,18,76,series-18/1776-станица.png,станица
1777,18,77,series-18/1777-корни.png,корни
1778,18,78,series-18/1778-камень.png,камень
1779,18,79,series-18/1779-курень.png,курень
1780,18,80,series-18/1780-общий-стол.png,общий стол
1781,18,81,series-18/1781-семейная-песня.png,семейная песня
1782,18,82,series-18/1782-наличник.png,наличник
1783,18,83,series-18/1783-передача-предмета.png,передача предмета
1784,18,84,series-18/1784-упряжь.png,упряжь
1785,18,85,series-18/1785-забота.png,забота
1786,18,86,series-18/1786-круг-обучения.png,круг обучения
1787,18,87,series-18/1787-остановка.png,остановка
1788,18,88,series-18/1788-зерно-дерева.png,зерно дерева
1789,18,89,series-18/1789-резец.png,резец
1790,18,90,series-18/1790-пигменты.png,пигменты
1791,18,91,series-18/1791-кисть-и-вода.png,кисть и вода
1792,18,92,series-18/1792-трещина-стены.png,трещина стены
1793,18,93,series-18/1793-свет-росписи.png,свет росписи
1794,18,94,series-18/1794-старый-слой.png,старый слой
1795,18,95,series-18/1795-общая-работа.png,общая работа
1796,18,96,series-18/1796-запись-мастера.png,запись мастера
1797,18,97,series-18/1797-дверь-храма.png,дверь храма
1798,18,98,series-18/1798-развилка.png,развилка
1799,18,99,series-18/1799-возвращение.png,возвращение
1800,18,100,series-18/1800-следующий-штрих.png,следующий штрих
1801,19,1,series-19/1801-голос-рассказчика.png,голос рассказчика
1802,19,2,series-19/1802-жест-памяти.png,жест памяти
1803,19,3,series-19/1803-тетрадь.png,тетрадь
1804,19,4,series-19/1804-окно-к-Дону.png,окно к Дону
1805,19,5,series-19/1805-камыши.png,камыши
1806,19,6,series-19/1806-станица.png,станица
1807,19,7,series-19/1807-корни.png,корни
1808,19,8,series-19/1808-камень.png,камень
1809,19,9,series-19/1809-курень.png,курень
1810,19,10,series-19/1810-общий-стол.png,общий стол
1811,19,11,series-19/1811-семейная-песня.png,семейная песня
1812,19,12,series-19/1812-наличник.png,наличник
1813,19,13,series-19/1813-передача-предмета.png,передача предмета
1814,19,14,series-19/1814-упряжь.png,упряжь
1815,19,15,series-19/1815-забота.png,забота
1816,19,16,series-19/1816-круг-обучения.png,круг обучения
1817,19,17,series-19/1817-остановка.png,остановка
1818,19,18,series-19/1818-зерно-дерева.png,зерно дерева
1819,19,19,series-19/1819-резец.png,резец
1820,19,20,series-19/1820-пигменты.png,пигменты
1821,19,21,series-19/1821-кисть-и-вода.png,кисть и вода
1822,19,22,series-19/1822-трещина-стены.png,трещина стены
1823,19,23,series-19/1823-свет-росписи.png,свет росписи
1824,19,24,series-19/1824-старый-слой.png,старый слой
1825,19,25,series-19/1825-общая-работа.png,общая работа
1826,19,26,series-19/1826-запись-мастера.png,запись мастера
1827,19,27,series-19/1827-дверь-храма.png,дверь храма
1828,19,28,series-19/1828-развилка.png,развилка
1829,19,29,series-19/1829-возвращение.png,возвращение
1830,19,30,series-19/1830-следующий-штрих.png,следующий штрих
1831,19,31,series-19/1831-голос-рассказчика.png,голос рассказчика
1832,19,32,series-19/1832-жест-памяти.png,жест памяти
1833,19,33,series-19/1833-тетрадь.png,тетрадь
1834,19,34,series-19/1834-окно-к-Дону.png,окно к Дону
1835,19,35,series-19/1835-камыши.png,камыши
1836,19,36,series-19/1836-станица.png,станица
1837,19,37,series-19/1837-корни.png,корни
1838,19,38,series-19/1838-камень.png,камень
1839,19,39,series-19/1839-курень.png,курень
1840,19,40,series-19/1840-общий-стол.png,общий стол
1841,19,41,series-19/1841-семейная-песня.png,семейная песня
1842,19,42,series-19/1842-наличник.png,наличник
1843,19,43,series-19/1843-передача-предмета.png,передача предмета
1844,19,44,series-19/1844-упряжь.png,упряжь
1845,19,45,series-19/1845-забота.png,забота
1846,19,46,series-19/1846-круг-обучения.png,круг обучения
1847,19,47,series-19/1847-остановка.png,остановка
1848,19,48,series-19/1848-зерно-дерева.png,зерно дерева
1849,19,49,series-19/1849-резец.png,резец
1850,19,50,series-19/1850-пигменты.png,пигменты
1851,19,51,series-19/1851-кисть-и-вода.png,кисть и вода
1852,19,52,series-19/1852-трещина-стены.png,трещина стены
1853,19,53,series-19/1853-свет-росписи.png,свет росписи
1854,19,54,series-19/1854-старый-слой.png,старый слой
1855,19,55,series-19/1855-общая-работа.png,общая работа
1856,19,56,series-19/1856-запись-мастера.png,запись мастера
1857,19,57,series-19/1857-дверь-храма.png,дверь храма
1858,19,58,series-19/1858-развилка.png,развилка
1859,19,59,series-19/1859-возвращение.png,возвращение
1860,19,60,series-19/1860-следующий-штрих.png,следующий штрих
1861,19,61,series-19/1861-голос-рассказчика.png,голос рассказчика
1862,19,62,series-19/1862-жест-памяти.png,жест памяти
1863,19,63,series-19/1863-тетрадь.png,тетрадь
1864,19,64,series-19/1864-окно-к-Дону.png,окно к Дону
1865,19,65,series-19/1865-камыши.png,камыши
1866,19,66,series-19/1866-станица.png,станица
1867,19,67,series-19/1867-корни.png,корни
1868,19,68,series-19/1868-камень.png,камень
1869,19,69,series-19/1869-курень.png,курень
1870,19,70,series-19/1870-общий-стол.png,общий стол
1871,19,71,series-19/1871-семейная-песня.png,семейная песня
1872,19,72,series-19/1872-наличник.png,наличник
1873,19,73,series-19/1873-передача-предмета.png,передача предмета
1874,19,74,series-19/1874-упряжь.png,упряжь
1875,19,75,series-19/1875-забота.png,забота
1876,19,76,series-19/1876-круг-обучения.png,круг обучения
1877,19,77,series-19/1877-остановка.png,остановка
1878,19,78,series-19/1878-зерно-дерева.png,зерно дерева
1879,19,79,series-19/1879-резец.png,резец
1880,19,80,series-19/1880-пигменты.png,пигменты
1881,19,81,series-19/1881-кисть-и-вода.png,кисть и вода
1882,19,82,series-19/1882-трещина-стены.png,трещина стены
1883,19,83,series-19/1883-свет-росписи.png,свет росписи
1884,19,84,series-19/1884-старый-слой.png,старый слой
1885,19,85,series-19/1885-общая-работа.png,общая работа
1886,19,86,series-19/1886-запись-мастера.png,запись мастера
1887,19,87,series-19/1887-дверь-храма.png,дверь храма
1888,19,88,series-19/1888-развилка.png,развилка
1889,19,89,series-19/1889-возвращение.png,возвращение
1890,19,90,series-19/1890-следующий-штрих.png,следующий штрих
1891,19,91,series-19/1891-голос-рассказчика.png,голос рассказчика
1892,19,92,series-19/1892-жест-памяти.png,жест памяти
1893,19,93,series-19/1893-тетрадь.png,тетрадь
1894,19,94,series-19/1894-окно-к-Дону.png,окно к Дону
1895,19,95,series-19/1895-камыши.png,камыши
1896,19,96,series-19/1896-станица.png,станица
1897,19,97,series-19/1897-корни.png,корни
1898,19,98,series-19/1898-камень.png,камень
1899,19,99,series-19/1899-курень.png,курень
1900,19,100,series-19/1900-общий-стол.png,общий стол
1901,20,1,series-20/1901-семейная-песня.png,семейная песня
1902,20,2,series-20/1902-наличник.png,наличник
1903,20,3,series-20/1903-передача-предмета.png,передача предмета
1904,20,4,series-20/1904-упряжь.png,упряжь
1905,20,5,series-20/1905-забота.png,забота
1906,20,6,series-20/1906-круг-обучения.png,круг обучения
1907,20,7,series-20/1907-остановка.png,остановка
1908,20,8,series-20/1908-зерно-дерева.png,зерно дерева
1909,20,9,series-20/1909-резец.png,резец
1910,20,10,series-20/1910-пигменты.png,пигменты
1911,20,11,series-20/1911-кисть-и-вода.png,кисть и вода
1912,20,12,series-20/1912-трещина-стены.png,трещина стены
1913,20,13,series-20/1913-свет-росписи.png,свет росписи
1914,20,14,series-20/1914-старый-слой.png,старый слой
1915,20,15,series-20/1915-общая-работа.png,общая работа
1916,20,16,series-20/1916-запись-мастера.png,запись мастера
1917,20,17,series-20/1917-дверь-храма.png,дверь храма
1918,20,18,series-20/1918-развилка.png,развилка
1919,20,19,series-20/1919-возвращение.png,возвращение
1920,20,20,series-20/1920-следующий-штрих.png,следующий штрих
1921,20,21,series-20/1921-голос-рассказчика.png,голос рассказчика
1922,20,22,series-20/1922-жест-памяти.png,жест памяти
1923,20,23,series-20/1923-тетрадь.png,тетрадь
1924,20,24,series-20/1924-окно-к-Дону.png,окно к Дону
1925,20,25,series-20/1925-камыши.png,камыши
1926,20,26,series-20/1926-станица.png,станица
1927,20,27,series-20/1927-корни.png,корни
1928,20,28,series-20/1928-камень.png,камень
1929,20,29,series-20/1929-курень.png,курень
1930,20,30,series-20/1930-общий-стол.png,общий стол
1931,20,31,series-20/1931-семейная-песня.png,семейная песня
1932,20,32,series-20/1932-наличник.png,наличник
1933,20,33,series-20/1933-передача-предмета.png,передача предмета
1934,20,34,series-20/1934-упряжь.png,упряжь
1935,20,35,series-20/1935-забота.png,забота
1936,20,36,series-20/1936-круг-обучения.png,круг обучения
1937,20,37,series-20/1937-остановка.png,остановка
1938,20,38,series-20/1938-зерно-дерева.png,зерно дерева
1939,20,39,series-20/1939-резец.png,резец
1940,20,40,series-20/1940-пигменты.png,пигменты
1941,20,41,series-20/1941-кисть-и-вода.png,кисть и вода
1942,20,42,series-20/1942-трещина-стены.png,трещина стены
1943,20,43,series-20/1943-свет-росписи.png,свет росписи
1944,20,44,series-20/1944-старый-слой.png,старый слой
1945,20,45,series-20/1945-общая-работа.png,общая работа
1946,20,46,series-20/1946-запись-мастера.png,запись мастера
1947,20,47,series-20/1947-дверь-храма.png,дверь храма
1948,20,48,series-20/1948-развилка.png,развилка
1949,20,49,series-20/1949-возвращение.png,возвращение
1950,20,50,series-20/1950-следующий-штрих.png,следующий штрих
1951,20,51,series-20/1951-голос-рассказчика.png,голос рассказчика
1952,20,52,series-20/1952-жест-памяти.png,жест памяти
1953,20,53,series-20/1953-тетрадь.png,тетрадь
1954,20,54,series-20/1954-окно-к-Дону.png,окно к Дону
1955,20,55,series-20/1955-камыши.png,камыши
1956,20,56,series-20/1956-станица.png,станица
1957,20,57,series-20/1957-корни.png,корни
1958,20,58,series-20/1958-камень.png,камень
1959,20,59,series-20/1959-курень.png,курень
1960,20,60,series-20/1960-общий-стол.png,общий стол
1961,20,61,series-20/1961-семейная-песня.png,семейная песня
1962,20,62,series-20/1962-наличник.png,наличник
1963,20,63,series-20/1963-передача-предмета.png,передача предмета
1964,20,64,series-20/1964-упряжь.png,упряжь
1965,20,65,series-20/1965-забота.png,забота
1966,20,66,series-20/1966-круг-обучения.png,круг обучения
1967,20,67,series-20/1967-остановка.png,остановка
1968,20,68,series-20/1968-зерно-дерева.png,зерно дерева
1969,20,69,series-20/1969-резец.png,резец
1970,20,70,series-20/1970-пигменты.png,пигменты
1971,20,71,series-20/1971-кисть-и-вода.png,кисть и вода
1972,20,72,series-20/1972-трещина-стены.png,трещина стены
1973,20,73,series-20/1973-свет-росписи.png,свет росписи
1974,20,74,series-20/1974-старый-слой.png,старый слой
1975,20,75,series-20/1975-общая-работа.png,общая работа
1976,20,76,series-20/1976-запись-мастера.png,запись мастера
1977,20,77,series-20/1977-дверь-храма.png,дверь храма
1978,20,78,series-20/1978-развилка.png,развилка
1979,20,79,series-20/1979-возвращение.png,возвращение
1980,20,80,series-20/1980-следующий-штрих.png,следующий штрих
1981,20,81,series-20/1981-голос-рассказчика.png,голос рассказчика
1982,20,82,series-20/1982-жест-памяти.png,жест памяти
1983,20,83,series-20/1983-тетрадь.png,тетрадь
1984,20,84,series-20/1984-окно-к-Дону.png,окно к Дону
1985,20,85,series-20/1985-камыши.png,камыши
1986,20,86,series-20/1986-станица.png,станица
1987,20,87,series-20/1987-корни.png,корни
1988,20,88,series-20/1988-камень.png,камень
1989,20,89,series-20/1989-курень.png,курень
1990,20,90,series-20/1990-общий-стол.png,общий стол
1991,20,91,series-20/1991-семейная-песня.png,семейная песня
1992,20,92,series-20/1992-наличник.png,наличник
1993,20,93,series-20/1993-передача-предмета.png,передача предмета
1994,20,94,series-20/1994-упряжь.png,упряжь
1995,20,95,series-20/1995-забота.png,забота
1996,20,96,series-20/1996-круг-обучения.png,круг обучения
1997,20,97,series-20/1997-остановка.png,остановка
1998,20,98,series-20/1998-зерно-дерева.png,зерно дерева
1999,20,99,series-20/1999-резец.png,резец
2000,20,100,series-20/2000-пигменты.png,пигменты
2001,21,1,series-21/2001-кисть-и-вода.png,кисть и вода
2002,21,2,series-21/2002-трещина-стены.png,трещина стены
2003,21,3,series-21/2003-свет-росписи.png,свет росписи
2004,21,4,series-21/2004-старый-слой.png,старый слой
2005,21,5,series-21/2005-общая-работа.png,общая работа
2006,21,6,series-21/2006-запись-мастера.png,запись мастера
2007,21,7,series-21/2007-дверь-храма.png,дверь храма
2008,21,8,series-21/2008-развилка.png,развилка
2009,21,9,series-21/2009-возвращение.png,возвращение
2010,21,10,series-21/2010-следующий-штрих.png,следующий штрих
2011,21,11,series-21/2011-голос-рассказчика.png,голос рассказчика
2012,21,12,series-21/2012-жест-памяти.png,жест памяти
2013,21,13,series-21/2013-тетрадь.png,тетрадь
2014,21,14,series-21/2014-окно-к-Дону.png,окно к Дону
2015,21,15,series-21/2015-камыши.png,камыши
2016,21,16,series-21/2016-станица.png,станица
2017,21,17,series-21/2017-корни.png,корни
2018,21,18,series-21/2018-камень.png,камень
2019,21,19,series-21/2019-курень.png,курень
2020,21,20,series-21/2020-общий-стол.png,общий стол
2021,21,21,series-21/2021-семейная-песня.png,семейная песня
2022,21,22,series-21/2022-наличник.png,наличник
2023,21,23,series-21/2023-передача-предмета.png,передача предмета
2024,21,24,series-21/2024-упряжь.png,упряжь
2025,21,25,series-21/2025-забота.png,забота
2026,21,26,series-21/2026-круг-обучения.png,круг обучения
2027,21,27,series-21/2027-остановка.png,остановка
2028,21,28,series-21/2028-зерно-дерева.png,зерно дерева
2029,21,29,series-21/2029-резец.png,резец
2030,21,30,series-21/2030-пигменты.png,пигменты
2031,21,31,series-21/2031-кисть-и-вода.png,кисть и вода
2032,21,32,series-21/2032-трещина-стены.png,трещина стены
2033,21,33,series-21/2033-свет-росписи.png,свет росписи
2034,21,34,series-21/2034-старый-слой.png,старый слой
2035,21,35,series-21/2035-общая-работа.png,общая работа
2036,21,36,series-21/2036-запись-мастера.png,запись мастера
2037,21,37,series-21/2037-дверь-храма.png,дверь храма
2038,21,38,series-21/2038-развилка.png,развилка
2039,21,39,series-21/2039-возвращение.png,возвращение
2040,21,40,series-21/2040-следующий-штрих.png,следующий штрих
2041,21,41,series-21/2041-голос-рассказчика.png,голос рассказчика
2042,21,42,series-21/2042-жест-памяти.png,жест памяти
2043,21,43,series-21/2043-тетрадь.png,тетрадь
2044,21,44,series-21/2044-окно-к-Дону.png,окно к Дону
2045,21,45,series-21/2045-камыши.png,камыши
2046,21,46,series-21/2046-станица.png,станица
2047,21,47,series-21/2047-корни.png,корни
2048,21,48,series-21/2048-камень.png,камень
2049,21,49,series-21/2049-курень.png,курень
2050,21,50,series-21/2050-общий-стол.png,общий стол
2051,21,51,series-21/2051-семейная-песня.png,семейная песня
2052,21,52,series-21/2052-наличник.png,наличник
2053,21,53,series-21/2053-передача-предмета.png,передача предмета
2054,21,54,series-21/2054-упряжь.png,упряжь
2055,21,55,series-21/2055-забота.png,забота
2056,21,56,series-21/2056-круг-обучения.png,круг обучения
2057,21,57,series-21/2057-остановка.png,остановка
2058,21,58,series-21/2058-зерно-дерева.png,зерно дерева
2059,21,59,series-21/2059-резец.png,резец
2060,21,60,series-21/2060-пигменты.png,пигменты
2061,21,61,series-21/2061-кисть-и-вода.png,кисть и вода
2062,21,62,series-21/2062-трещина-стены.png,трещина стены
2063,21,63,series-21/2063-свет-росписи.png,свет росписи
2064,21,64,series-21/2064-старый-слой.png,старый слой
2065,21,65,series-21/2065-общая-работа.png,общая работа
2066,21,66,series-21/2066-запись-мастера.png,запись мастера
2067,21,67,series-21/2067-дверь-храма.png,дверь храма
2068,21,68,series-21/2068-развилка.png,развилка
2069,21,69,series-21/2069-возвращение.png,возвращение
2070,21,70,series-21/2070-следующий-штрих.png,следующий штрих
2071,21,71,series-21/2071-голос-рассказчика.png,голос рассказчика
2072,21,72,series-21/2072-жест-памяти.png,жест памяти
2073,21,73,series-21/2073-тетрадь.png,тетрадь
2074,21,74,series-21/2074-окно-к-Дону.png,окно к Дону
2075,21,75,series-21/2075-камыши.png,камыши
2076,21,76,series-21/2076-станица.png,станица
2077,21,77,series-21/2077-корни.png,корни
2078,21,78,series-21/2078-камень.png,камень
2079,21,79,series-21/2079-курень.png,курень
2080,21,80,series-21/2080-общий-стол.png,общий стол
2081,21,81,series-21/2081-семейная-песня.png,семейная песня
2082,21,82,series-21/2082-наличник.png,наличник
2083,21,83,series-21/2083-передача-предмета.png,передача предмета
2084,21,84,series-21/2084-упряжь.png,упряжь
2085,21,85,series-21/2085-забота.png,забота
2086,21,86,series-21/2086-круг-обучения.png,круг обучения
2087,21,87,series-21/2087-остановка.png,остановка
2088,21,88,series-21/2088-зерно-дерева.png,зерно дерева
2089,21,89,series-21/2089-резец.png,резец
2090,21,90,series-21/2090-пигменты.png,пигменты
2091,21,91,series-21/2091-кисть-и-вода.png,кисть и вода
2092,21,92,series-21/2092-трещина-стены.png,трещина стены
2093,21,93,series-21/2093-свет-росписи.png,свет росписи
2094,21,94,series-21/2094-старый-слой.png,старый слой
2095,21,95,series-21/2095-общая-работа.png,общая работа
2096,21,96,series-21/2096-запись-мастера.png,запись мастера
2097,21,97,series-21/2097-дверь-храма.png,дверь храма
2098,21,98,series-21/2098-развилка.png,развилка
2099,21,99,series-21/2099-возвращение.png,возвращение
2100,21,100,series-21/2100-следующий-штрих.png,следующий штрих
2101,22,1,series-22/2101-голос-рассказчика.png,голос рассказчика
2102,22,2,series-22/2102-жест-памяти.png,жест памяти
2103,22,3,series-22/2103-тетрадь.png,тетрадь
2104,22,4,series-22/2104-окно-к-Дону.png,окно к Дону
2105,22,5,series-22/2105-камыши.png,камыши
2106,22,6,series-22/2106-станица.png,станица
2107,22,7,series-22/2107-корни.png,корни
2108,22,8,series-22/2108-камень.png,камень
2109,22,9,series-22/2109-курень.png,курень
2110,22,10,series-22/2110-общий-стол.png,общий стол
2111,22,11,series-22/2111-семейная-песня.png,семейная песня
2112,22,12,series-22/2112-наличник.png,наличник
2113,22,13,series-22/2113-передача-предмета.png,передача предмета
2114,22,14,series-22/2114-упряжь.png,упряжь
2115,22,15,series-22/2115-забота.png,забота
2116,22,16,series-22/2116-круг-обучения.png,круг обучения
2117,22,17,series-22/2117-остановка.png,остановка
2118,22,18,series-22/2118-зерно-дерева.png,зерно дерева
2119,22,19,series-22/2119-резец.png,резец
2120,22,20,series-22/2120-пигменты.png,пигменты
2121,22,21,series-22/2121-кисть-и-вода.png,кисть и вода
2122,22,22,series-22/2122-трещина-стены.png,трещина стены
2123,22,23,series-22/2123-свет-росписи.png,свет росписи
2124,22,24,series-22/2124-старый-слой.png,старый слой
2125,22,25,series-22/2125-общая-работа.png,общая работа
2126,22,26,series-22/2126-запись-мастера.png,запись мастера
2127,22,27,series-22/2127-дверь-храма.png,дверь храма
2128,22,28,series-22/2128-развилка.png,развилка
2129,22,29,series-22/2129-возвращение.png,возвращение
2130,22,30,series-22/2130-следующий-штрих.png,следующий штрих
2131,22,31,series-22/2131-голос-рассказчика.png,голос рассказчика
2132,22,32,series-22/2132-жест-памяти.png,жест памяти
2133,22,33,series-22/2133-тетрадь.png,тетрадь
2134,22,34,series-22/2134-окно-к-Дону.png,окно к Дону
2135,22,35,series-22/2135-камыши.png,камыши
2136,22,36,series-22/2136-станица.png,станица
2137,22,37,series-22/2137-корни.png,корни
2138,22,38,series-22/2138-камень.png,камень
2139,22,39,series-22/2139-курень.png,курень
2140,22,40,series-22/2140-общий-стол.png,общий стол
2141,22,41,series-22/2141-семейная-песня.png,семейная песня
2142,22,42,series-22/2142-наличник.png,наличник
2143,22,43,series-22/2143-передача-предмета.png,передача предмета
2144,22,44,series-22/2144-упряжь.png,упряжь
2145,22,45,series-22/2145-забота.png,забота
2146,22,46,series-22/2146-круг-обучения.png,круг обучения
2147,22,47,series-22/2147-остановка.png,остановка
2148,22,48,series-22/2148-зерно-дерева.png,зерно дерева
2149,22,49,series-22/2149-резец.png,резец
2150,22,50,series-22/2150-пигменты.png,пигменты
2151,22,51,series-22/2151-кисть-и-вода.png,кисть и вода
2152,22,52,series-22/2152-трещина-стены.png,трещина стены
2153,22,53,series-22/2153-свет-росписи.png,свет росписи
2154,22,54,series-22/2154-старый-слой.png,старый слой
2155,22,55,series-22/2155-общая-работа.png,общая работа
2156,22,56,series-22/2156-запись-мастера.png,запись мастера
2157,22,57,series-22/2157-дверь-храма.png,дверь храма
2158,22,58,series-22/2158-развилка.png,развилка
2159,22,59,series-22/2159-возвращение.png,возвращение
2160,22,60,series-22/2160-следующий-штрих.png,следующий штрих
2161,22,61,series-22/2161-голос-рассказчика.png,голос рассказчика
2162,22,62,series-22/2162-жест-памяти.png,жест памяти
2163,22,63,series-22/2163-тетрадь.png,тетрадь
2164,22,64,series-22/2164-окно-к-Дону.png,окно к Дону
2165,22,65,series-22/2165-камыши.png,камыши
2166,22,66,series-22/2166-станица.png,станица
2167,22,67,series-22/2167-корни.png,корни
2168,22,68,series-22/2168-камень.png,камень
2169,22,69,series-22/2169-курень.png,курень
2170,22,70,series-22/2170-общий-стол.png,общий стол
2171,22,71,series-22/2171-семейная-песня.png,семейная песня
2172,22,72,series-22/2172-наличник.png,наличник
2173,22,73,series-22/2173-передача-предмета.png,передача предмета
2174,22,74,series-22/2174-упряжь.png,упряжь
2175,22,75,series-22/2175-забота.png,забота
2176,22,76,series-22/2176-круг-обучения.png,круг обучения
2177,22,77,series-22/2177-остановка.png,остановка
2178,22,78,series-22/2178-зерно-дерева.png,зерно дерева
2179,22,79,series-22/2179-резец.png,резец
2180,22,80,series-22/2180-пигменты.png,пигменты
2181,22,81,series-22/2181-кисть-и-вода.png,кисть и вода
2182,22,82,series-22/2182-трещина-стены.png,трещина стены
2183,22,83,series-22/2183-свет-росписи.png,свет росписи
2184,22,84,series-22/2184-старый-слой.png,старый слой
2185,22,85,series-22/2185-общая-работа.png,общая работа
2186,22,86,series-22/2186-запись-мастера.png,запись мастера
2187,22,87,series-22/2187-дверь-храма.png,дверь храма
2188,22,88,series-22/2188-развилка.png,развилка
2189,22,89,series-22/2189-возвращение.png,возвращение
2190,22,90,series-22/2190-следующий-штрих.png,следующий штрих
2191,22,91,series-22/2191-голос-рассказчика.png,голос рассказчика
2192,22,92,series-22/2192-жест-памяти.png,жест памяти
2193,22,93,series-22/2193-тетрадь.png,тетрадь
2194,22,94,series-22/2194-окно-к-Дону.png,окно к Дону
2195,22,95,series-22/2195-камыши.png,камыши
2196,22,96,series-22/2196-станица.png,станица
2197,22,97,series-22/2197-корни.png,корни
2198,22,98,series-22/2198-камень.png,камень
2199,22,99,series-22/2199-курень.png,курень
2200,22,100,series-22/2200-общий-стол.png,общий стол
2201,23,1,series-23/2201-семейная-песня.png,семейная песня
2202,23,2,series-23/2202-наличник.png,наличник
2203,23,3,series-23/2203-передача-предмета.png,передача предмета
2204,23,4,series-23/2204-упряжь.png,упряжь
2205,23,5,series-23/2205-забота.png,забота
2206,23,6,series-23/2206-круг-обучения.png,круг обучения
2207,23,7,series-23/2207-остановка.png,остановка
2208,23,8,series-23/2208-зерно-дерева.png,зерно дерева
2209,23,9,series-23/2209-резец.png,резец
2210,23,10,series-23/2210-пигменты.png,пигменты
2211,23,11,series-23/2211-кисть-и-вода.png,кисть и вода
2212,23,12,series-23/2212-трещина-стены.png,трещина стены
2213,23,13,series-23/2213-свет-росписи.png,свет росписи
2214,23,14,series-23/2214-старый-слой.png,старый слой
2215,23,15,series-23/2215-общая-работа.png,общая работа
2216,23,16,series-23/2216-запись-мастера.png,запись мастера
2217,23,17,series-23/2217-дверь-храма.png,дверь храма
2218,23,18,series-23/2218-развилка.png,развилка
2219,23,19,series-23/2219-возвращение.png,возвращение
2220,23,20,series-23/2220-следующий-штрих.png,следующий штрих
2221,23,21,series-23/2221-голос-рассказчика.png,голос рассказчика
2222,23,22,series-23/2222-жест-памяти.png,жест памяти
2223,23,23,series-23/2223-тетрадь.png,тетрадь
2224,23,24,series-23/2224-окно-к-Дону.png,окно к Дону
2225,23,25,series-23/2225-камыши.png,камыши
2226,23,26,series-23/2226-станица.png,станица
2227,23,27,series-23/2227-корни.png,корни
2228,23,28,series-23/2228-камень.png,камень
2229,23,29,series-23/2229-курень.png,курень
2230,23,30,series-23/2230-общий-стол.png,общий стол
2231,23,31,series-23/2231-семейная-песня.png,семейная песня
2232,23,32,series-23/2232-наличник.png,наличник
2233,23,33,series-23/2233-передача-предмета.png,передача предмета
2234,23,34,series-23/2234-упряжь.png,упряжь
2235,23,35,series-23/2235-забота.png,забота
2236,23,36,series-23/2236-круг-обучения.png,круг обучения
2237,23,37,series-23/2237-остановка.png,остановка
2238,23,38,series-23/2238-зерно-дерева.png,зерно дерева
2239,23,39,series-23/2239-резец.png,резец
2240,23,40,series-23/2240-пигменты.png,пигменты
2241,23,41,series-23/2241-кисть-и-вода.png,кисть и вода
2242,23,42,series-23/2242-трещина-стены.png,трещина стены
2243,23,43,series-23/2243-свет-росписи.png,свет росписи
2244,23,44,series-23/2244-старый-слой.png,старый слой
2245,23,45,series-23/2245-общая-работа.png,общая работа
2246,23,46,series-23/2246-запись-мастера.png,запись мастера
2247,23,47,series-23/2247-дверь-храма.png,дверь храма
2248,23,48,series-23/2248-развилка.png,развилка
2249,23,49,series-23/2249-возвращение.png,возвращение
2250,23,50,series-23/2250-следующий-штрих.png,следующий штрих
2251,23,51,series-23/2251-голос-рассказчика.png,голос рассказчика
2252,23,52,series-23/2252-жест-памяти.png,жест памяти
2253,23,53,series-23/2253-тетрадь.png,тетрадь
2254,23,54,series-23/2254-окно-к-Дону.png,окно к Дону
2255,23,55,series-23/2255-камыши.png,камыши
2256,23,56,series-23/2256-станица.png,станица
2257,23,57,series-23/2257-корни.png,корни
2258,23,58,series-23/2258-камень.png,камень
2259,23,59,series-23/2259-курень.png,курень
2260,23,60,series-23/2260-общий-стол.png,общий стол
2261,23,61,series-23/2261-семейная-песня.png,семейная песня
2262,23,62,series-23/2262-наличник.png,наличник
2263,23,63,series-23/2263-передача-предмета.png,передача предмета
2264,23,64,series-23/2264-упряжь.png,упряжь
2265,23,65,series-23/2265-забота.png,забота
2266,23,66,series-23/2266-круг-обучения.png,круг обучения
2267,23,67,series-23/2267-остановка.png,остановка
2268,23,68,series-23/2268-зерно-дерева.png,зерно дерева
2269,23,69,series-23/2269-резец.png,резец
2270,23,70,series-23/2270-пигменты.png,пигменты
2271,23,71,series-23/2271-кисть-и-вода.png,кисть и вода
2272,23,72,series-23/2272-трещина-стены.png,трещина стены
2273,23,73,series-23/2273-свет-росписи.png,свет росписи
2274,23,74,series-23/2274-старый-слой.png,старый слой
2275,23,75,series-23/2275-общая-работа.png,общая работа
2276,23,76,series-23/2276-запись-мастера.png,запись мастера
2277,23,77,series-23/2277-дверь-храма.png,дверь храма
2278,23,78,series-23/2278-развилка.png,развилка
2279,23,79,series-23/2279-возвращение.png,возвращение
2280,23,80,series-23/2280-следующий-штрих.png,следующий штрих
2281,23,81,series-23/2281-голос-рассказчика.png,голос рассказчика
2282,23,82,series-23/2282-жест-памяти.png,жест памяти
2283,23,83,series-23/2283-тетрадь.png,тетрадь
2284,23,84,series-23/2284-окно-к-Дону.png,окно к Дону
2285,23,85,series-23/2285-камыши.png,камыши
2286,23,86,series-23/2286-станица.png,станица
2287,23,87,series-23/2287-корни.png,корни
2288,23,88,series-23/2288-камень.png,камень
2289,23,89,series-23/2289-курень.png,курень
2290,23,90,series-23/2290-общий-стол.png,общий стол
2291,23,91,series-23/2291-семейная-песня.png,семейная песня
2292,23,92,series-23/2292-наличник.png,наличник
2293,23,93,series-23/2293-передача-предмета.png,передача предмета
2294,23,94,series-23/2294-упряжь.png,упряжь
2295,23,95,series-23/2295-забота.png,забота
2296,23,96,series-23/2296-круг-обучения.png,круг обучения
2297,23,97,series-23/2297-остановка.png,остановка
2298,23,98,series-23/2298-зерно-дерева.png,зерно дерева
2299,23,99,series-23/2299-резец.png,резец
2300,23,100,series-23/2300-пигменты.png,пигменты
2301,24,1,series-24/2301-кисть-и-вода.png,кисть и вода
2302,24,2,series-24/2302-трещина-стены.png,трещина стены
2303,24,3,series-24/2303-свет-росписи.png,свет росписи
2304,24,4,series-24/2304-старый-слой.png,старый слой
2305,24,5,series-24/2305-общая-работа.png,общая работа
2306,24,6,series-24/2306-запись-мастера.png,запись мастера
2307,24,7,series-24/2307-дверь-храма.png,дверь храма
2308,24,8,series-24/2308-развилка.png,развилка
2309,24,9,series-24/2309-возвращение.png,возвращение
2310,24,10,series-24/2310-следующий-штрих.png,следующий штрих
2311,24,11,series-24/2311-голос-рассказчика.png,голос рассказчика
2312,24,12,series-24/2312-жест-памяти.png,жест памяти
2313,24,13,series-24/2313-тетрадь.png,тетрадь
2314,24,14,series-24/2314-окно-к-Дону.png,окно к Дону
2315,24,15,series-24/2315-камыши.png,камыши
2316,24,16,series-24/2316-станица.png,станица
2317,24,17,series-24/2317-корни.png,корни
2318,24,18,series-24/2318-камень.png,камень
2319,24,19,series-24/2319-курень.png,курень
2320,24,20,series-24/2320-общий-стол.png,общий стол
2321,24,21,series-24/2321-семейная-песня.png,семейная песня
2322,24,22,series-24/2322-наличник.png,наличник
2323,24,23,series-24/2323-передача-предмета.png,передача предмета
2324,24,24,series-24/2324-упряжь.png,упряжь
2325,24,25,series-24/2325-забота.png,забота
2326,24,26,series-24/2326-круг-обучения.png,круг обучения
2327,24,27,series-24/2327-остановка.png,остановка
2328,24,28,series-24/2328-зерно-дерева.png,зерно дерева
2329,24,29,series-24/2329-резец.png,резец
2330,24,30,series-24/2330-пигменты.png,пигменты
2331,24,31,series-24/2331-кисть-и-вода.png,кисть и вода
2332,24,32,series-24/2332-трещина-стены.png,трещина стены
2333,24,33,series-24/2333-свет-росписи.png,свет росписи
2334,24,34,series-24/2334-старый-слой.png,старый слой
2335,24,35,series-24/2335-общая-работа.png,общая работа
2336,24,36,series-24/2336-запись-мастера.png,запись мастера
2337,24,37,series-24/2337-дверь-храма.png,дверь храма
2338,24,38,series-24/2338-развилка.png,развилка
2339,24,39,series-24/2339-возвращение.png,возвращение
2340,24,40,series-24/2340-следующий-штрих.png,следующий штрих
2341,24,41,series-24/2341-голос-рассказчика.png,голос рассказчика
2342,24,42,series-24/2342-жест-памяти.png,жест памяти
2343,24,43,series-24/2343-тетрадь.png,тетрадь
2344,24,44,series-24/2344-окно-к-Дону.png,окно к Дону
2345,24,45,series-24/2345-камыши.png,камыши
2346,24,46,series-24/2346-станица.png,станица
2347,24,47,series-24/2347-корни.png,корни
2348,24,48,series-24/2348-камень.png,камень
2349,24,49,series-24/2349-курень.png,курень
2350,24,50,series-24/2350-общий-стол.png,общий стол
2351,24,51,series-24/2351-семейная-песня.png,семейная песня
2352,24,52,series-24/2352-наличник.png,наличник
2353,24,53,series-24/2353-передача-предмета.png,передача предмета
2354,24,54,series-24/2354-упряжь.png,упряжь
2355,24,55,series-24/2355-забота.png,забота
2356,24,56,series-24/2356-круг-обучения.png,круг обучения
2357,24,57,series-24/2357-остановка.png,остановка
2358,24,58,series-24/2358-зерно-дерева.png,зерно дерева
2359,24,59,series-24/2359-резец.png,резец
2360,24,60,series-24/2360-пигменты.png,пигменты
2361,24,61,series-24/2361-кисть-и-вода.png,кисть и вода
2362,24,62,series-24/2362-трещина-стены.png,трещина стены
2363,24,63,series-24/2363-свет-росписи.png,свет росписи
2364,24,64,series-24/2364-старый-слой.png,старый слой
2365,24,65,series-24/2365-общая-работа.png,общая работа
2366,24,66,series-24/2366-запись-мастера.png,запись мастера
2367,24,67,series-24/2367-дверь-храма.png,дверь храма
2368,24,68,series-24/2368-развилка.png,развилка
2369,24,69,series-24/2369-возвращение.png,возвращение
2370,24,70,series-24/2370-следующий-штрих.png,следующий штрих
2371,24,71,series-24/2371-голос-рассказчика.png,голос рассказчика
2372,24,72,series-24/2372-жест-памяти.png,жест памяти
2373,24,73,series-24/2373-тетрадь.png,тетрадь
2374,24,74,series-24/2374-окно-к-Дону.png,окно к Дону
2375,24,75,series-24/2375-камыши.png,камыши
2376,24,76,series-24/2376-станица.png,станица
2377,24,77,series-24/2377-корни.png,корни
2378,24,78,series-24/2378-камень.png,камень
2379,24,79,series-24/2379-курень.png,курень
2380,24,80,series-24/2380-общий-стол.png,общий стол
2381,24,81,series-24/2381-семейная-песня.png,семейная песня
2382,24,82,series-24/2382-наличник.png,наличник
2383,24,83,series-24/2383-передача-предмета.png,передача предмета
2384,24,84,series-24/2384-упряжь.png,упряжь
2385,24,85,series-24/2385-забота.png,забота
2386,24,86,series-24/2386-круг-обучения.png,круг обучения
2387,24,87,series-24/2387-остановка.png,остановка
2388,24,88,series-24/2388-зерно-дерева.png,зерно дерева
2389,24,89,series-24/2389-резец.png,резец
2390,24,90,series-24/2390-пигменты.png,пигменты
2391,24,91,series-24/2391-кисть-и-вода.png,кисть и вода
2392,24,92,series-24/2392-трещина-стены.png,трещина стены
2393,24,93,series-24/2393-свет-росписи.png,свет росписи
2394,24,94,series-24/2394-старый-слой.png,старый слой
2395,24,95,series-24/2395-общая-работа.png,общая работа
2396,24,96,series-24/2396-запись-мастера.png,запись мастера
2397,24,97,series-24/2397-дверь-храма.png,дверь храма
2398,24,98,series-24/2398-развилка.png,развилка
2399,24,99,series-24/2399-возвращение.png,возвращение
2400,24,100,series-24/2400-следующий-штрих.png,следующий штрих
2401,25,1,series-25/2401-голос-рассказчика.png,голос рассказчика
2402,25,2,series-25/2402-жест-памяти.png,жест памяти
2403,25,3,series-25/2403-тетрадь.png,тетрадь
2404,25,4,series-25/2404-окно-к-Дону.png,окно к Дону
2405,25,5,series-25/2405-камыши.png,камыши
2406,25,6,series-25/2406-станица.png,станица
2407,25,7,series-25/2407-корни.png,корни
2408,25,8,series-25/2408-камень.png,камень
2409,25,9,series-25/2409-курень.png,курень
2410,25,10,series-25/2410-общий-стол.png,общий стол
2411,25,11,series-25/2411-семейная-песня.png,семейная песня
2412,25,12,series-25/2412-наличник.png,наличник
2413,25,13,series-25/2413-передача-предмета.png,передача предмета
2414,25,14,series-25/2414-упряжь.png,упряжь
2415,25,15,series-25/2415-забота.png,забота
2416,25,16,series-25/2416-круг-обучения.png,круг обучения
2417,25,17,series-25/2417-остановка.png,остановка
2418,25,18,series-25/2418-зерно-дерева.png,зерно дерева
2419,25,19,series-25/2419-резец.png,резец
2420,25,20,series-25/2420-пигменты.png,пигменты
2421,25,21,series-25/2421-кисть-и-вода.png,кисть и вода
2422,25,22,series-25/2422-трещина-стены.png,трещина стены
2423,25,23,series-25/2423-свет-росписи.png,свет росписи
2424,25,24,series-25/2424-старый-слой.png,старый слой
2425,25,25,series-25/2425-общая-работа.png,общая работа
2426,25,26,series-25/2426-запись-мастера.png,запись мастера
2427,25,27,series-25/2427-дверь-храма.png,дверь храма
2428,25,28,series-25/2428-развилка.png,развилка
2429,25,29,series-25/2429-возвращение.png,возвращение
2430,25,30,series-25/2430-следующий-штрих.png,следующий штрих
2431,25,31,series-25/2431-голос-рассказчика.png,голос рассказчика
2432,25,32,series-25/2432-жест-памяти.png,жест памяти
2433,25,33,series-25/2433-тетрадь.png,тетрадь
2434,25,34,series-25/2434-окно-к-Дону.png,окно к Дону
2435,25,35,series-25/2435-камыши.png,камыши
2436,25,36,series-25/2436-станица.png,станица
2437,25,37,series-25/2437-корни.png,корни
2438,25,38,series-25/2438-камень.png,камень
2439,25,39,series-25/2439-курень.png,курень
2440,25,40,series-25/2440-общий-стол.png,общий стол
2441,25,41,series-25/2441-семейная-песня.png,семейная песня
2442,25,42,series-25/2442-наличник.png,наличник
2443,25,43,series-25/2443-передача-предмета.png,передача предмета
2444,25,44,series-25/2444-упряжь.png,упряжь
2445,25,45,series-25/2445-забота.png,забота
2446,25,46,series-25/2446-круг-обучения.png,круг обучения
2447,25,47,series-25/2447-остановка.png,остановка
2448,25,48,series-25/2448-зерно-дерева.png,зерно дерева
2449,25,49,series-25/2449-резец.png,резец
2450,25,50,series-25/2450-пигменты.png,пигменты
2451,25,51,series-25/2451-кисть-и-вода.png,кисть и вода
2452,25,52,series-25/2452-трещина-стены.png,трещина стены
2453,25,53,series-25/2453-свет-росписи.png,свет росписи
2454,25,54,series-25/2454-старый-слой.png,старый слой
2455,25,55,series-25/2455-общая-работа.png,общая работа
2456,25,56,series-25/2456-запись-мастера.png,запись мастера
2457,25,57,series-25/2457-дверь-храма.png,дверь храма
2458,25,58,series-25/2458-развилка.png,развилка
2459,25,59,series-25/2459-возвращение.png,возвращение
2460,25,60,series-25/2460-следующий-штрих.png,следующий штрих
2461,25,61,series-25/2461-голос-рассказчика.png,голос рассказчика
2462,25,62,series-25/2462-жест-памяти.png,жест памяти
2463,25,63,series-25/2463-тетрадь.png,тетрадь
2464,25,64,series-25/2464-окно-к-Дону.png,окно к Дону
2465,25,65,series-25/2465-камыши.png,камыши
2466,25,66,series-25/2466-станица.png,станица
2467,25,67,series-25/2467-корни.png,корни
2468,25,68,series-25/2468-камень.png,камень
2469,25,69,series-25/2469-курень.png,курень
2470,25,70,series-25/2470-общий-стол.png,общий стол
2471,25,71,series-25/2471-семейная-песня.png,семейная песня
2472,25,72,series-25/2472-наличник.png,наличник
2473,25,73,series-25/2473-передача-предмета.png,передача предмета
2474,25,74,series-25/2474-упряжь.png,упряжь
2475,25,75,series-25/2475-забота.png,забота
2476,25,76,series-25/2476-круг-обучения.png,круг обучения
2477,25,77,series-25/2477-остановка.png,остановка
2478,25,78,series-25/2478-зерно-дерева.png,зерно дерева
2479,25,79,series-25/2479-резец.png,резец
2480,25,80,series-25/2480-пигменты.png,пигменты
2481,25,81,series-25/2481-кисть-и-вода.png,кисть и вода
2482,25,82,series-25/2482-трещина-стены.png,трещина стены
2483,25,83,series-25/2483-свет-росписи.png,свет росписи
2484,25,84,series-25/2484-старый-слой.png,старый слой
2485,25,85,series-25/2485-общая-работа.png,общая работа
2486,25,86,series-25/2486-запись-мастера.png,запись мастера
2487,25,87,series-25/2487-дверь-храма.png,дверь храма
2488,25,88,series-25/2488-развилка.png,развилка
2489,25,89,series-25/2489-возвращение.png,возвращение
2490,25,90,series-25/2490-следующий-штрих.png,следующий штрих
2491,25,91,series-25/2491-голос-рассказчика.png,голос рассказчика
2492,25,92,series-25/2492-жест-памяти.png,жест памяти
2493,25,93,series-25/2493-тетрадь.png,тетрадь
2494,25,94,series-25/2494-окно-к-Дону.png,окно к Дону
2495,25,95,series-25/2495-камыши.png,камыши
2496,25,96,series-25/2496-станица.png,станица
2497,25,97,series-25/2497-корни.png,корни
2498,25,98,series-25/2498-камень.png,камень
2499,25,99,series-25/2499-курень.png,курень
2500,25,100,series-25/2500-общий-стол.png,общий стол
2501,26,1,series-26/2501-семейная-песня.png,семейная песня
2502,26,2,series-26/2502-наличник.png,наличник
2503,26,3,series-26/2503-передача-предмета.png,передача предмета
2504,26,4,series-26/2504-упряжь.png,упряжь
2505,26,5,series-26/2505-забота.png,забота
2506,26,6,series-26/2506-круг-обучения.png,круг обучения
2507,26,7,series-26/2507-остановка.png,остановка
2508,26,8,series-26/2508-зерно-дерева.png,зерно дерева
2509,26,9,series-26/2509-резец.png,резец
2510,26,10,series-26/2510-пигменты.png,пигменты
2511,26,11,series-26/2511-кисть-и-вода.png,кисть и вода
2512,26,12,series-26/2512-трещина-стены.png,трещина стены
2513,26,13,series-26/2513-свет-росписи.png,свет росписи
2514,26,14,series-26/2514-старый-слой.png,старый слой
2515,26,15,series-26/2515-общая-работа.png,общая работа
2516,26,16,series-26/2516-запись-мастера.png,запись мастера
2517,26,17,series-26/2517-дверь-храма.png,дверь храма
2518,26,18,series-26/2518-развилка.png,развилка
2519,26,19,series-26/2519-возвращение.png,возвращение
2520,26,20,series-26/2520-следующий-штрих.png,следующий штрих
2521,26,21,series-26/2521-голос-рассказчика.png,голос рассказчика
2522,26,22,series-26/2522-жест-памяти.png,жест памяти
2523,26,23,series-26/2523-тетрадь.png,тетрадь
2524,26,24,series-26/2524-окно-к-Дону.png,окно к Дону
2525,26,25,series-26/2525-камыши.png,камыши
2526,26,26,series-26/2526-станица.png,станица
2527,26,27,series-26/2527-корни.png,корни
2528,26,28,series-26/2528-камень.png,камень
2529,26,29,series-26/2529-курень.png,курень
2530,26,30,series-26/2530-общий-стол.png,общий стол
2531,26,31,series-26/2531-семейная-песня.png,семейная песня
2532,26,32,series-26/2532-наличник.png,наличник
2533,26,33,series-26/2533-передача-предмета.png,передача предмета
2534,26,34,series-26/2534-упряжь.png,упряжь
2535,26,35,series-26/2535-забота.png,забота
2536,26,36,series-26/2536-круг-обучения.png,круг обучения
2537,26,37,series-26/2537-остановка.png,остановка
2538,26,38,series-26/2538-зерно-дерева.png,зерно дерева
2539,26,39,series-26/2539-резец.png,резец
2540,26,40,series-26/2540-пигменты.png,пигменты
2541,26,41,series-26/2541-кисть-и-вода.png,кисть и вода
2542,26,42,series-26/2542-трещина-стены.png,трещина стены
2543,26,43,series-26/2543-свет-росписи.png,свет росписи
2544,26,44,series-26/2544-старый-слой.png,старый слой
2545,26,45,series-26/2545-общая-работа.png,общая работа
2546,26,46,series-26/2546-запись-мастера.png,запись мастера
2547,26,47,series-26/2547-дверь-храма.png,дверь храма
2548,26,48,series-26/2548-развилка.png,развилка
2549,26,49,series-26/2549-возвращение.png,возвращение
2550,26,50,series-26/2550-следующий-штрих.png,следующий штрих
2551,26,51,series-26/2551-голос-рассказчика.png,голос рассказчика
2552,26,52,series-26/2552-жест-памяти.png,жест памяти
2553,26,53,series-26/2553-тетрадь.png,тетрадь
2554,26,54,series-26/2554-окно-к-Дону.png,окно к Дону
2555,26,55,series-26/2555-камыши.png,камыши
2556,26,56,series-26/2556-станица.png,станица
2557,26,57,series-26/2557-корни.png,корни
2558,26,58,series-26/2558-камень.png,камень
2559,26,59,series-26/2559-курень.png,курень
2560,26,60,series-26/2560-общий-стол.png,общий стол
2561,26,61,series-26/2561-семейная-песня.png,семейная песня
2562,26,62,series-26/2562-наличник.png,наличник
2563,26,63,series-26/2563-передача-предмета.png,передача предмета
2564,26,64,series-26/2564-упряжь.png,упряжь
2565,26,65,series-26/2565-забота.png,забота
2566,26,66,series-26/2566-круг-обучения.png,круг обучения
2567,26,67,series-26/2567-остановка.png,остановка
2568,26,68,series-26/2568-зерно-дерева.png,зерно дерева
2569,26,69,series-26/2569-резец.png,резец
2570,26,70,series-26/2570-пигменты.png,пигменты
2571,26,71,series-26/2571-кисть-и-вода.png,кисть и вода
2572,26,72,series-26/2572-трещина-стены.png,трещина стены
2573,26,73,series-26/2573-свет-росписи.png,свет росписи
2574,26,74,series-26/2574-старый-слой.png,старый слой
2575,26,75,series-26/2575-общая-работа.png,общая работа
2576,26,76,series-26/2576-запись-мастера.png,запись мастера
2577,26,77,series-26/2577-дверь-храма.png,дверь храма
2578,26,78,series-26/2578-развилка.png,развилка
2579,26,79,series-26/2579-возвращение.png,возвращение
2580,26,80,series-26/2580-следующий-штрих.png,следующий штрих
2581,26,81,series-26/2581-голос-рассказчика.png,голос рассказчика
2582,26,82,series-26/2582-жест-памяти.png,жест памяти
2583,26,83,series-26/2583-тетрадь.png,тетрадь
2584,26,84,series-26/2584-окно-к-Дону.png,окно к Дону
2585,26,85,series-26/2585-камыши.png,камыши
2586,26,86,series-26/2586-станица.png,станица
2587,26,87,series-26/2587-корни.png,корни
2588,26,88,series-26/2588-камень.png,камень
2589,26,89,series-26/2589-курень.png,курень
2590,26,90,series-26/2590-общий-стол.png,общий стол
2591,26,91,series-26/2591-семейная-песня.png,семейная песня
2592,26,92,series-26/2592-наличник.png,наличник
2593,26,93,series-26/2593-передача-предмета.png,передача предмета
2594,26,94,series-26/2594-упряжь.png,упряжь
2595,26,95,series-26/2595-забота.png,забота
2596,26,96,series-26/2596-круг-обучения.png,круг обучения
2597,26,97,series-26/2597-остановка.png,остановка
2598,26,98,series-26/2598-зерно-дерева.png,зерно дерева
2599,26,99,series-26/2599-резец.png,резец
2600,26,100,series-26/2600-пигменты.png,пигменты
2601,27,1,series-27/2601-кисть-и-вода.png,кисть и вода
2602,27,2,series-27/2602-трещина-стены.png,трещина стены
2603,27,3,series-27/2603-свет-росписи.png,свет росписи
2604,27,4,series-27/2604-старый-слой.png,старый слой
2605,27,5,series-27/2605-общая-работа.png,общая работа
2606,27,6,series-27/2606-запись-мастера.png,запись мастера
2607,27,7,series-27/2607-дверь-храма.png,дверь храма
2608,27,8,series-27/2608-развилка.png,развилка
2609,27,9,series-27/2609-возвращение.png,возвращение
2610,27,10,series-27/2610-следующий-штрих.png,следующий штрих
2611,27,11,series-27/2611-голос-рассказчика.png,голос рассказчика
2612,27,12,series-27/2612-жест-памяти.png,жест памяти
2613,27,13,series-27/2613-тетрадь.png,тетрадь
2614,27,14,series-27/2614-окно-к-Дону.png,окно к Дону
2615,27,15,series-27/2615-камыши.png,камыши
2616,27,16,series-27/2616-станица.png,станица
2617,27,17,series-27/2617-корни.png,корни
2618,27,18,series-27/2618-камень.png,камень
2619,27,19,series-27/2619-курень.png,курень
2620,27,20,series-27/2620-общий-стол.png,общий стол
2621,27,21,series-27/2621-семейная-песня.png,семейная песня
2622,27,22,series-27/2622-наличник.png,наличник
2623,27,23,series-27/2623-передача-предмета.png,передача предмета
2624,27,24,series-27/2624-упряжь.png,упряжь
2625,27,25,series-27/2625-забота.png,забота
2626,27,26,series-27/2626-круг-обучения.png,круг обучения
2627,27,27,series-27/2627-остановка.png,остановка
2628,27,28,series-27/2628-зерно-дерева.png,зерно дерева
2629,27,29,series-27/2629-резец.png,резец
2630,27,30,series-27/2630-пигменты.png,пигменты
2631,27,31,series-27/2631-кисть-и-вода.png,кисть и вода
2632,27,32,series-27/2632-трещина-стены.png,трещина стены
2633,27,33,series-27/2633-свет-росписи.png,свет росписи
2634,27,34,series-27/2634-старый-слой.png,старый слой
2635,27,35,series-27/2635-общая-работа.png,общая работа
2636,27,36,series-27/2636-запись-мастера.png,запись мастера
2637,27,37,series-27/2637-дверь-храма.png,дверь храма
2638,27,38,series-27/2638-развилка.png,развилка
2639,27,39,series-27/2639-возвращение.png,возвращение
2640,27,40,series-27/2640-следующий-штрих.png,следующий штрих
2641,27,41,series-27/2641-голос-рассказчика.png,голос рассказчика
2642,27,42,series-27/2642-жест-памяти.png,жест памяти
2643,27,43,series-27/2643-тетрадь.png,тетрадь
2644,27,44,series-27/2644-окно-к-Дону.png,окно к Дону
2645,27,45,series-27/2645-камыши.png,камыши
2646,27,46,series-27/2646-станица.png,станица
2647,27,47,series-27/2647-корни.png,корни
2648,27,48,series-27/2648-камень.png,камень
2649,27,49,series-27/2649-курень.png,курень
2650,27,50,series-27/2650-общий-стол.png,общий стол
2651,27,51,series-27/2651-семейная-песня.png,семейная песня
2652,27,52,series-27/2652-наличник.png,наличник
2653,27,53,series-27/2653-передача-предмета.png,передача предмета
2654,27,54,series-27/2654-упряжь.png,упряжь
2655,27,55,series-27/2655-забота.png,забота
2656,27,56,series-27/2656-круг-обучения.png,круг обучения
2657,27,57,series-27/2657-остановка.png,остановка
2658,27,58,series-27/2658-зерно-дерева.png,зерно дерева
2659,27,59,series-27/2659-резец.png,резец
2660,27,60,series-27/2660-пигменты.png,пигменты
2661,27,61,series-27/2661-кисть-и-вода.png,кисть и вода
2662,27,62,series-27/2662-трещина-стены.png,трещина стены
2663,27,63,series-27/2663-свет-росписи.png,свет росписи
2664,27,64,series-27/2664-старый-слой.png,старый слой
2665,27,65,series-27/2665-общая-работа.png,общая работа
2666,27,66,series-27/2666-запись-мастера.png,запись мастера
2667,27,67,series-27/2667-дверь-храма.png,дверь храма
2668,27,68,series-27/2668-развилка.png,развилка
2669,27,69,series-27/2669-возвращение.png,возвращение
2670,27,70,series-27/2670-следующий-штрих.png,следующий штрих
2671,27,71,series-27/2671-голос-рассказчика.png,голос рассказчика
2672,27,72,series-27/2672-жест-памяти.png,жест памяти
2673,27,73,series-27/2673-тетрадь.png,тетрадь
2674,27,74,series-27/2674-окно-к-Дону.png,окно к Дону
2675,27,75,series-27/2675-камыши.png,камыши
2676,27,76,series-27/2676-станица.png,станица
2677,27,77,series-27/2677-корни.png,корни
2678,27,78,series-27/2678-камень.png,камень
2679,27,79,series-27/2679-курень.png,курень
2680,27,80,series-27/2680-общий-стол.png,общий стол
2681,27,81,series-27/2681-семейная-песня.png,семейная песня
2682,27,82,series-27/2682-наличник.png,наличник
2683,27,83,series-27/2683-передача-предмета.png,передача предмета
2684,27,84,series-27/2684-упряжь.png,упряжь
2685,27,85,series-27/2685-забота.png,забота
2686,27,86,series-27/2686-круг-обучения.png,круг обучения
2687,27,87,series-27/2687-остановка.png,остановка
2688,27,88,series-27/2688-зерно-дерева.png,зерно дерева
2689,27,89,series-27/2689-резец.png,резец
2690,27,90,series-27/2690-пигменты.png,пигменты
2691,27,91,series-27/2691-кисть-и-вода.png,кисть и вода
2692,27,92,series-27/2692-трещина-стены.png,трещина стены
2693,27,93,series-27/2693-свет-росписи.png,свет росписи
2694,27,94,series-27/2694-старый-слой.png,старый слой
2695,27,95,series-27/2695-общая-работа.png,общая работа
2696,27,96,series-27/2696-запись-мастера.png,запись мастера
2697,27,97,series-27/2697-дверь-храма.png,дверь храма
2698,27,98,series-27/2698-развилка.png,развилка
2699,27,99,series-27/2699-возвращение.png,возвращение
2700,27,100,series-27/2700-следующий-штрих.png,следующий штрих
2701,28,1,series-28/2701-голос-рассказчика.png,голос рассказчика
2702,28,2,series-28/2702-жест-памяти.png,жест памяти
2703,28,3,series-28/2703-тетрадь.png,тетрадь
2704,28,4,series-28/2704-окно-к-Дону.png,окно к Дону
2705,28,5,series-28/2705-камыши.png,камыши
2706,28,6,series-28/2706-станица.png,станица
2707,28,7,series-28/2707-корни.png,корни
2708,28,8,series-28/2708-камень.png,камень
2709,28,9,series-28/2709-курень.png,курень
2710,28,10,series-28/2710-общий-стол.png,общий стол
2711,28,11,series-28/2711-семейная-песня.png,семейная песня
2712,28,12,series-28/2712-наличник.png,наличник
2713,28,13,series-28/2713-передача-предмета.png,передача предмета
2714,28,14,series-28/2714-упряжь.png,упряжь
2715,28,15,series-28/2715-забота.png,забота
2716,28,16,series-28/2716-круг-обучения.png,круг обучения
2717,28,17,series-28/2717-остановка.png,остановка
2718,28,18,series-28/2718-зерно-дерева.png,зерно дерева
2719,28,19,series-28/2719-резец.png,резец
2720,28,20,series-28/2720-пигменты.png,пигменты
2721,28,21,series-28/2721-кисть-и-вода.png,кисть и вода
2722,28,22,series-28/2722-трещина-стены.png,трещина стены
2723,28,23,series-28/2723-свет-росписи.png,свет росписи
2724,28,24,series-28/2724-старый-слой.png,старый слой
2725,28,25,series-28/2725-общая-работа.png,общая работа
2726,28,26,series-28/2726-запись-мастера.png,запись мастера
2727,28,27,series-28/2727-дверь-храма.png,дверь храма
2728,28,28,series-28/2728-развилка.png,развилка
2729,28,29,series-28/2729-возвращение.png,возвращение
2730,28,30,series-28/2730-следующий-штрих.png,следующий штрих
2731,28,31,series-28/2731-голос-рассказчика.png,голос рассказчика
2732,28,32,series-28/2732-жест-памяти.png,жест памяти
2733,28,33,series-28/2733-тетрадь.png,тетрадь
2734,28,34,series-28/2734-окно-к-Дону.png,окно к Дону
2735,28,35,series-28/2735-камыши.png,камыши
2736,28,36,series-28/2736-станица.png,станица
2737,28,37,series-28/2737-корни.png,корни
2738,28,38,series-28/2738-камень.png,камень
2739,28,39,series-28/2739-курень.png,курень
2740,28,40,series-28/2740-общий-стол.png,общий стол
2741,28,41,series-28/2741-семейная-песня.png,семейная песня
2742,28,42,series-28/2742-наличник.png,наличник
2743,28,43,series-28/2743-передача-предмета.png,передача предмета
2744,28,44,series-28/2744-упряжь.png,упряжь
2745,28,45,series-28/2745-забота.png,забота
2746,28,46,series-28/2746-круг-обучения.png,круг обучения
2747,28,47,series-28/2747-остановка.png,остановка
2748,28,48,series-28/2748-зерно-дерева.png,зерно дерева
2749,28,49,series-28/2749-резец.png,резец
2750,28,50,series-28/2750-пигменты.png,пигменты
2751,28,51,series-28/2751-кисть-и-вода.png,кисть и вода
2752,28,52,series-28/2752-трещина-стены.png,трещина стены
2753,28,53,series-28/2753-свет-росписи.png,свет росписи
2754,28,54,series-28/2754-старый-слой.png,старый слой
2755,28,55,series-28/2755-общая-работа.png,общая работа
2756,28,56,series-28/2756-запись-мастера.png,запись мастера
2757,28,57,series-28/2757-дверь-храма.png,дверь храма
2758,28,58,series-28/2758-развилка.png,развилка
2759,28,59,series-28/2759-возвращение.png,возвращение
2760,28,60,series-28/2760-следующий-штрих.png,следующий штрих
2761,28,61,series-28/2761-голос-рассказчика.png,голос рассказчика
2762,28,62,series-28/2762-жест-памяти.png,жест памяти
2763,28,63,series-28/2763-тетрадь.png,тетрадь
2764,28,64,series-28/2764-окно-к-Дону.png,окно к Дону
2765,28,65,series-28/2765-камыши.png,камыши
2766,28,66,series-28/2766-станица.png,станица
2767,28,67,series-28/2767-корни.png,корни
2768,28,68,series-28/2768-камень.png,камень
2769,28,69,series-28/2769-курень.png,курень
2770,28,70,series-28/2770-общий-стол.png,общий стол
2771,28,71,series-28/2771-семейная-песня.png,семейная песня
2772,28,72,series-28/2772-наличник.png,наличник
2773,28,73,series-28/2773-передача-предмета.png,передача предмета
2774,28,74,series-28/2774-упряжь.png,упряжь
2775,28,75,series-28/2775-забота.png,забота
2776,28,76,series-28/2776-круг-обучения.png,круг обучения
2777,28,77,series-28/2777-остановка.png,остановка
2778,28,78,series-28/2778-зерно-дерева.png,зерно дерева
2779,28,79,series-28/2779-резец.png,резец
2780,28,80,series-28/2780-пигменты.png,пигменты
2781,28,81,series-28/2781-кисть-и-вода.png,кисть и вода
2782,28,82,series-28/2782-трещина-стены.png,трещина стены
2783,28,83,series-28/2783-свет-росписи.png,свет росписи
2784,28,84,series-28/2784-старый-слой.png,старый слой
2785,28,85,series-28/2785-общая-работа.png,общая работа
2786,28,86,series-28/2786-запись-мастера.png,запись мастера
2787,28,87,series-28/2787-дверь-храма.png,дверь храма
2788,28,88,series-28/2788-развилка.png,развилка
2789,28,89,series-28/2789-возвращение.png,возвращение
2790,28,90,series-28/2790-следующий-штрих.png,следующий штрих
2791,28,91,series-28/2791-голос-рассказчика.png,голос рассказчика
2792,28,92,series-28/2792-жест-памяти.png,жест памяти
2793,28,93,series-28/2793-тетрадь.png,тетрадь
2794,28,94,series-28/2794-окно-к-Дону.png,окно к Дону
2795,28,95,series-28/2795-камыши.png,камыши
2796,28,96,series-28/2796-станица.png,станица
2797,28,97,series-28/2797-корни.png,корни
2798,28,98,series-28/2798-камень.png,камень
2799,28,99,series-28/2799-курень.png,курень
2800,28,100,series-28/2800-общий-стол.png,общий стол
2801,29,1,series-29/2801-семейная-песня.png,семейная песня
2802,29,2,series-29/2802-наличник.png,наличник
2803,29,3,series-29/2803-передача-предмета.png,передача предмета
2804,29,4,series-29/2804-упряжь.png,упряжь
2805,29,5,series-29/2805-забота.png,забота
2806,29,6,series-29/2806-круг-обучения.png,круг обучения
2807,29,7,series-29/2807-остановка.png,остановка
2808,29,8,series-29/2808-зерно-дерева.png,зерно дерева
2809,29,9,series-29/2809-резец.png,резец
2810,29,10,series-29/2810-пигменты.png,пигменты
2811,29,11,series-29/2811-кисть-и-вода.png,кисть и вода
2812,29,12,series-29/2812-трещина-стены.png,трещина стены
2813,29,13,series-29/2813-свет-росписи.png,свет росписи
2814,29,14,series-29/2814-старый-слой.png,старый слой
2815,29,15,series-29/2815-общая-работа.png,общая работа
2816,29,16,series-29/2816-запись-мастера.png,запись мастера
2817,29,17,series-29/2817-дверь-храма.png,дверь храма
2818,29,18,series-29/2818-развилка.png,развилка
2819,29,19,series-29/2819-возвращение.png,возвращение
2820,29,20,series-29/2820-следующий-штрих.png,следующий штрих
2821,29,21,series-29/2821-голос-рассказчика.png,голос рассказчика
2822,29,22,series-29/2822-жест-памяти.png,жест памяти
2823,29,23,series-29/2823-тетрадь.png,тетрадь
2824,29,24,series-29/2824-окно-к-Дону.png,окно к Дону
2825,29,25,series-29/2825-камыши.png,камыши
2826,29,26,series-29/2826-станица.png,станица
2827,29,27,series-29/2827-корни.png,корни
2828,29,28,series-29/2828-камень.png,камень
2829,29,29,series-29/2829-курень.png,курень
2830,29,30,series-29/2830-общий-стол.png,общий стол
2831,29,31,series-29/2831-семейная-песня.png,семейная песня
2832,29,32,series-29/2832-наличник.png,наличник
2833,29,33,series-29/2833-передача-предмета.png,передача предмета
2834,29,34,series-29/2834-упряжь.png,упряжь
2835,29,35,series-29/2835-забота.png,забота
2836,29,36,series-29/2836-круг-обучения.png,круг обучения
2837,29,37,series-29/2837-остановка.png,остановка
2838,29,38,series-29/2838-зерно-дерева.png,зерно дерева
2839,29,39,series-29/2839-резец.png,резец
2840,29,40,series-29/2840-пигменты.png,пигменты
2841,29,41,series-29/2841-кисть-и-вода.png,кисть и вода
2842,29,42,series-29/2842-трещина-стены.png,трещина стены
2843,29,43,series-29/2843-свет-росписи.png,свет росписи
2844,29,44,series-29/2844-старый-слой.png,старый слой
2845,29,45,series-29/2845-общая-работа.png,общая работа
2846,29,46,series-29/2846-запись-мастера.png,запись мастера
2847,29,47,series-29/2847-дверь-храма.png,дверь храма
2848,29,48,series-29/2848-развилка.png,развилка
2849,29,49,series-29/2849-возвращение.png,возвращение
2850,29,50,series-29/2850-следующий-штрих.png,следующий штрих
2851,29,51,series-29/2851-голос-рассказчика.png,голос рассказчика
2852,29,52,series-29/2852-жест-памяти.png,жест памяти
2853,29,53,series-29/2853-тетрадь.png,тетрадь
2854,29,54,series-29/2854-окно-к-Дону.png,окно к Дону
2855,29,55,series-29/2855-камыши.png,камыши
2856,29,56,series-29/2856-станица.png,станица
2857,29,57,series-29/2857-корни.png,корни
2858,29,58,series-29/2858-камень.png,камень
2859,29,59,series-29/2859-курень.png,курень
2860,29,60,series-29/2860-общий-стол.png,общий стол
2861,29,61,series-29/2861-семейная-песня.png,семейная песня
2862,29,62,series-29/2862-наличник.png,наличник
2863,29,63,series-29/2863-передача-предмета.png,передача предмета
2864,29,64,series-29/2864-упряжь.png,упряжь
2865,29,65,series-29/2865-забота.png,забота
2866,29,66,series-29/2866-круг-обучения.png,круг обучения
2867,29,67,series-29/2867-остановка.png,остановка
2868,29,68,series-29/2868-зерно-дерева.png,зерно дерева
2869,29,69,series-29/2869-резец.png,резец
2870,29,70,series-29/2870-пигменты.png,пигменты
2871,29,71,series-29/2871-кисть-и-вода.png,кисть и вода
2872,29,72,series-29/2872-трещина-стены.png,трещина стены
2873,29,73,series-29/2873-свет-росписи.png,свет росписи
2874,29,74,series-29/2874-старый-слой.png,старый слой
2875,29,75,series-29/2875-общая-работа.png,общая работа
2876,29,76,series-29/2876-запись-мастера.png,запись мастера
2877,29,77,series-29/2877-дверь-храма.png,дверь храма
2878,29,78,series-29/2878-развилка.png,развилка
2879,29,79,series-29/2879-возвращение.png,возвращение
2880,29,80,series-29/2880-следующий-штрих.png,следующий штрих
2881,29,81,series-29/2881-голос-рассказчика.png,голос рассказчика
2882,29,82,series-29/2882-жест-памяти.png,жест памяти
2883,29,83,series-29/2883-тетрадь.png,тетрадь
2884,29,84,series-29/2884-окно-к-Дону.png,окно к Дону
2885,29,85,series-29/2885-камыши.png,камыши
2886,29,86,series-29/2886-станица.png,станица
2887,29,87,series-29/2887-корни.png,корни
2888,29,88,series-29/2888-камень.png,камень
2889,29,89,series-29/2889-курень.png,курень
2890,29,90,series-29/2890-общий-стол.png,общий стол
2891,29,91,series-29/2891-семейная-песня.png,семейная песня
2892,29,92,series-29/2892-наличник.png,наличник
2893,29,93,series-29/2893-передача-предмета.png,передача предмета
2894,29,94,series-29/2894-упряжь.png,упряжь
2895,29,95,series-29/2895-забота.png,забота
2896,29,96,series-29/2896-круг-обучения.png,круг обучения
2897,29,97,series-29/2897-остановка.png,остановка
2898,29,98,series-29/2898-зерно-дерева.png,зерно дерева
2899,29,99,series-29/2899-резец.png,резец
2900,29,100,series-29/2900-пигменты.png,пигменты
2901,30,1,series-30/2901-кисть-и-вода.png,кисть и вода
2902,30,2,series-30/2902-трещина-стены.png,трещина стены
2903,30,3,series-30/2903-свет-росписи.png,свет росписи
2904,30,4,series-30/2904-старый-слой.png,старый слой
2905,30,5,series-30/2905-общая-работа.png,общая работа
2906,30,6,series-30/2906-запись-мастера.png,запись мастера
2907,30,7,series-30/2907-дверь-храма.png,дверь храма
2908,30,8,series-30/2908-развилка.png,развилка
2909,30,9,series-30/2909-возвращение.png,возвращение
2910,30,10,series-30/2910-следующий-штрих.png,следующий штрих
2911,30,11,series-30/2911-голос-рассказчика.png,голос рассказчика
2912,30,12,series-30/2912-жест-памяти.png,жест памяти
2913,30,13,series-30/2913-тетрадь.png,тетрадь
2914,30,14,series-30/2914-окно-к-Дону.png,окно к Дону
2915,30,15,series-30/2915-камыши.png,камыши
2916,30,16,series-30/2916-станица.png,станица
2917,30,17,series-30/2917-корни.png,корни
2918,30,18,series-30/2918-камень.png,камень
2919,30,19,series-30/2919-курень.png,курень
2920,30,20,series-30/2920-общий-стол.png,общий стол
2921,30,21,series-30/2921-семейная-песня.png,семейная песня
2922,30,22,series-30/2922-наличник.png,наличник
2923,30,23,series-30/2923-передача-предмета.png,передача предмета
2924,30,24,series-30/2924-упряжь.png,упряжь
2925,30,25,series-30/2925-забота.png,забота
2926,30,26,series-30/2926-круг-обучения.png,круг обучения
2927,30,27,series-30/2927-остановка.png,остановка
2928,30,28,series-30/2928-зерно-дерева.png,зерно дерева
2929,30,29,series-30/2929-резец.png,резец
2930,30,30,series-30/2930-пигменты.png,пигменты
2931,30,31,series-30/2931-кисть-и-вода.png,кисть и вода
2932,30,32,series-30/2932-трещина-стены.png,трещина стены
2933,30,33,series-30/2933-свет-росписи.png,свет росписи
2934,30,34,series-30/2934-старый-слой.png,старый слой
2935,30,35,series-30/2935-общая-работа.png,общая работа
2936,30,36,series-30/2936-запись-мастера.png,запись мастера
2937,30,37,series-30/2937-дверь-храма.png,дверь храма
2938,30,38,series-30/2938-развилка.png,развилка
2939,30,39,series-30/2939-возвращение.png,возвращение
2940,30,40,series-30/2940-следующий-штрих.png,следующий штрих
2941,30,41,series-30/2941-голос-рассказчика.png,голос рассказчика
2942,30,42,series-30/2942-жест-памяти.png,жест памяти
2943,30,43,series-30/2943-тетрадь.png,тетрадь
2944,30,44,series-30/2944-окно-к-Дону.png,окно к Дону
2945,30,45,series-30/2945-камыши.png,камыши
2946,30,46,series-30/2946-станица.png,станица
2947,30,47,series-30/2947-корни.png,корни
2948,30,48,series-30/2948-камень.png,камень
2949,30,49,series-30/2949-курень.png,курень
2950,30,50,series-30/2950-общий-стол.png,общий стол
2951,30,51,series-30/2951-семейная-песня.png,семейная песня
2952,30,52,series-30/2952-наличник.png,наличник
2953,30,53,series-30/2953-передача-предмета.png,передача предмета
2954,30,54,series-30/2954-упряжь.png,упряжь
2955,30,55,series-30/2955-забота.png,забота
2956,30,56,series-30/2956-круг-обучения.png,круг обучения
2957,30,57,series-30/2957-остановка.png,остановка
2958,30,58,series-30/2958-зерно-дерева.png,зерно дерева
2959,30,59,series-30/2959-резец.png,резец
2960,30,60,series-30/2960-пигменты.png,пигменты
2961,30,61,series-30/2961-кисть-и-вода.png,кисть и вода
2962,30,62,series-30/2962-трещина-стены.png,трещина стены
2963,30,63,series-30/2963-свет-росписи.png,свет росписи
2964,30,64,series-30/2964-старый-слой.png,старый слой
2965,30,65,series-30/2965-общая-работа.png,общая работа
2966,30,66,series-30/2966-запись-мастера.png,запись мастера
2967,30,67,series-30/2967-дверь-храма.png,дверь храма
2968,30,68,series-30/2968-развилка.png,развилка
2969,30,69,series-30/2969-возвращение.png,возвращение
2970,30,70,series-30/2970-следующий-штрих.png,следующий штрих
2971,30,71,series-30/2971-голос-рассказчика.png,голос рассказчика
2972,30,72,series-30/2972-жест-памяти.png,жест памяти
2973,30,73,series-30/2973-тетрадь.png,тетрадь
2974,30,74,series-30/2974-окно-к-Дону.png,окно к Дону
2975,30,75,series-30/2975-камыши.png,камыши
2976,30,76,series-30/2976-станица.png,станица
2977,30,77,series-30/2977-корни.png,корни
2978,30,78,series-30/2978-камень.png,камень
2979,30,79,series-30/2979-курень.png,курень
2980,30,80,series-30/2980-общий-стол.png,общий стол
2981,30,81,series-30/2981-семейная-песня.png,семейная песня
2982,30,82,series-30/2982-наличник.png,наличник
2983,30,83,series-30/2983-передача-предмета.png,передача предмета
2984,30,84,series-30/2984-упряжь.png,упряжь
2985,30,85,series-30/2985-забота.png,забота
2986,30,86,series-30/2986-круг-обучения.png,круг обучения
2987,30,87,series-30/2987-остановка.png,остановка
2988,30,88,series-30/2988-зерно-дерева.png,зерно дерева
2989,30,89,series-30/2989-резец.png,резец
2990,30,90,series-30/2990-пигменты.png,пигменты
2991,30,91,series-30/2991-кисть-и-вода.png,кисть и вода
2992,30,92,series-30/2992-трещина-стены.png,трещина стены
2993,30,93,series-30/2993-свет-росписи.png,свет росписи
2994,30,94,series-30/2994-старый-слой.png,старый слой
2995,30,95,series-30/2995-общая-работа.png,общая работа
2996,30,96,series-30/2996-запись-мастера.png,запись мастера
2997,30,97,series-30/2997-дверь-храма.png,дверь храма
2998,30,98,series-30/2998-развилка.png,развилка
2999,30,99,series-30/2999-возвращение.png,возвращение
3000,30,100,series-30/3000-следующий-штрих.png,следующий штрих
3001,31,1,series-31/3001-голос-рассказчика.png,голос рассказчика
3002,31,2,series-31/3002-жест-памяти.png,жест памяти
3003,31,3,series-31/3003-тетрадь.png,тетрадь
3004,31,4,series-31/3004-окно-к-Дону.png,окно к Дону
3005,31,5,series-31/3005-камыши.png,камыши
3006,31,6,series-31/3006-станица.png,станица
3007,31,7,series-31/3007-корни.png,корни
3008,31,8,series-31/3008-камень.png,камень
3009,31,9,series-31/3009-курень.png,курень
3010,31,10,series-31/3010-общий-стол.png,общий стол
3011,31,11,series-31/3011-семейная-песня.png,семейная песня
3012,31,12,series-31/3012-наличник.png,наличник
3013,31,13,series-31/3013-передача-предмета.png,передача предмета
3014,31,14,series-31/3014-упряжь.png,упряжь
3015,31,15,series-31/3015-забота.png,забота
3016,31,16,series-31/3016-круг-обучения.png,круг обучения
3017,31,17,series-31/3017-остановка.png,остановка
3018,31,18,series-31/3018-зерно-дерева.png,зерно дерева
3019,31,19,series-31/3019-резец.png,резец
3020,31,20,series-31/3020-пигменты.png,пигменты
3021,31,21,series-31/3021-кисть-и-вода.png,кисть и вода
3022,31,22,series-31/3022-трещина-стены.png,трещина стены
3023,31,23,series-31/3023-свет-росписи.png,свет росписи
3024,31,24,series-31/3024-старый-слой.png,старый слой
3025,31,25,series-31/3025-общая-работа.png,общая работа
3026,31,26,series-31/3026-запись-мастера.png,запись мастера
3027,31,27,series-31/3027-дверь-храма.png,дверь храма
3028,31,28,series-31/3028-развилка.png,развилка
3029,31,29,series-31/3029-возвращение.png,возвращение
3030,31,30,series-31/3030-следующий-штрих.png,следующий штрих
3031,31,31,series-31/3031-голос-рассказчика.png,голос рассказчика
3032,31,32,series-31/3032-жест-памяти.png,жест памяти
3033,31,33,series-31/3033-тетрадь.png,тетрадь
3034,31,34,series-31/3034-окно-к-Дону.png,окно к Дону
3035,31,35,series-31/3035-камыши.png,камыши
3036,31,36,series-31/3036-станица.png,станица
3037,31,37,series-31/3037-корни.png,корни
3038,31,38,series-31/3038-камень.png,камень
3039,31,39,series-31/3039-курень.png,курень
3040,31,40,series-31/3040-общий-стол.png,общий стол
3041,31,41,series-31/3041-семейная-песня.png,семейная песня
3042,31,42,series-31/3042-наличник.png,наличник
3043,31,43,series-31/3043-передача-предмета.png,передача предмета
3044,31,44,series-31/3044-упряжь.png,упряжь
3045,31,45,series-31/3045-забота.png,забота
3046,31,46,series-31/3046-круг-обучения.png,круг обучения
3047,31,47,series-31/3047-остановка.png,остановка
3048,31,48,series-31/3048-зерно-дерева.png,зерно дерева
3049,31,49,series-31/3049-резец.png,резец
3050,31,50,series-31/3050-пигменты.png,пигменты
3051,31,51,series-31/3051-кисть-и-вода.png,кисть и вода
3052,31,52,series-31/3052-трещина-стены.png,трещина стены
3053,31,53,series-31/3053-свет-росписи.png,свет росписи
3054,31,54,series-31/3054-старый-слой.png,старый слой
3055,31,55,series-31/3055-общая-работа.png,общая работа
3056,31,56,series-31/3056-запись-мастера.png,запись мастера
3057,31,57,series-31/3057-дверь-храма.png,дверь храма
3058,31,58,series-31/3058-развилка.png,развилка
3059,31,59,series-31/3059-возвращение.png,возвращение
3060,31,60,series-31/3060-следующий-штрих.png,следующий штрих
3061,31,61,series-31/3061-голос-рассказчика.png,голос рассказчика
3062,31,62,series-31/3062-жест-памяти.png,жест памяти
3063,31,63,series-31/3063-тетрадь.png,тетрадь
3064,31,64,series-31/3064-окно-к-Дону.png,окно к Дону
3065,31,65,series-31/3065-камыши.png,камыши
3066,31,66,series-31/3066-станица.png,станица
3067,31,67,series-31/3067-корни.png,корни
3068,31,68,series-31/3068-камень.png,камень
3069,31,69,series-31/3069-курень.png,курень
3070,31,70,series-31/3070-общий-стол.png,общий стол
3071,31,71,series-31/3071-семейная-песня.png,семейная песня
3072,31,72,series-31/3072-наличник.png,наличник
3073,31,73,series-31/3073-передача-предмета.png,передача предмета
3074,31,74,series-31/3074-упряжь.png,упряжь
3075,31,75,series-31/3075-забота.png,забота
3076,31,76,series-31/3076-круг-обучения.png,круг обучения
3077,31,77,series-31/3077-остановка.png,остановка
3078,31,78,series-31/3078-зерно-дерева.png,зерно дерева
3079,31,79,series-31/3079-резец.png,резец
3080,31,80,series-31/3080-пигменты.png,пигменты
3081,31,81,series-31/3081-кисть-и-вода.png,кисть и вода
3082,31,82,series-31/3082-трещина-стены.png,трещина стены
3083,31,83,series-31/3083-свет-росписи.png,свет росписи
3084,31,84,series-31/3084-старый-слой.png,старый слой
3085,31,85,series-31/3085-общая-работа.png,общая работа
3086,31,86,series-31/3086-запись-мастера.png,запись мастера
3087,31,87,series-31/3087-дверь-храма.png,дверь храма
3088,31,88,series-31/3088-развилка.png,развилка
3089,31,89,series-31/3089-возвращение.png,возвращение
3090,31,90,series-31/3090-следующий-штрих.png,следующий штрих
3091,31,91,series-31/3091-голос-рассказчика.png,голос рассказчика
3092,31,92,series-31/3092-жест-памяти.png,жест памяти
3093,31,93,series-31/3093-тетрадь.png,тетрадь
3094,31,94,series-31/3094-окно-к-Дону.png,окно к Дону
3095,31,95,series-31/3095-камыши.png,камыши
3096,31,96,series-31/3096-станица.png,станица
3097,31,97,series-31/3097-корни.png,корни
3098,31,98,series-31/3098-камень.png,камень
3099,31,99,series-31/3099-курень.png,курень
3100,31,100,series-31/3100-общий-стол.png,общий стол
3101,32,1,series-32/3101-семейная-песня.png,семейная песня
3102,32,2,series-32/3102-наличник.png,наличник
3103,32,3,series-32/3103-передача-предмета.png,передача предмета
3104,32,4,series-32/3104-упряжь.png,упряжь
3105,32,5,series-32/3105-забота.png,забота
3106,32,6,series-32/3106-круг-обучения.png,круг обучения
3107,32,7,series-32/3107-остановка.png,остановка
3108,32,8,series-32/3108-зерно-дерева.png,зерно дерева
3109,32,9,series-32/3109-резец.png,резец
3110,32,10,series-32/3110-пигменты.png,пигменты
3111,32,11,series-32/3111-кисть-и-вода.png,кисть и вода
3112,32,12,series-32/3112-трещина-стены.png,трещина стены
3113,32,13,series-32/3113-свет-росписи.png,свет росписи
3114,32,14,series-32/3114-старый-слой.png,старый слой
3115,32,15,series-32/3115-общая-работа.png,общая работа
3116,32,16,series-32/3116-запись-мастера.png,запись мастера
3117,32,17,series-32/3117-дверь-храма.png,дверь храма
3118,32,18,series-32/3118-развилка.png,развилка
3119,32,19,series-32/3119-возвращение.png,возвращение
3120,32,20,series-32/3120-следующий-штрих.png,следующий штрих
3121,32,21,series-32/3121-голос-рассказчика.png,голос рассказчика
3122,32,22,series-32/3122-жест-памяти.png,жест памяти
3123,32,23,series-32/3123-тетрадь.png,тетрадь
3124,32,24,series-32/3124-окно-к-Дону.png,окно к Дону
3125,32,25,series-32/3125-камыши.png,камыши
3126,32,26,series-32/3126-станица.png,станица
3127,32,27,series-32/3127-корни.png,корни
3128,32,28,series-32/3128-камень.png,камень
3129,32,29,series-32/3129-курень.png,курень
3130,32,30,series-32/3130-общий-стол.png,общий стол
3131,32,31,series-32/3131-семейная-песня.png,семейная песня
3132,32,32,series-32/3132-наличник.png,наличник
3133,32,33,series-32/3133-передача-предмета.png,передача предмета
3134,32,34,series-32/3134-упряжь.png,упряжь
3135,32,35,series-32/3135-забота.png,забота
3136,32,36,series-32/3136-круг-обучения.png,круг обучения
3137,32,37,series-32/3137-остановка.png,остановка
3138,32,38,series-32/3138-зерно-дерева.png,зерно дерева
3139,32,39,series-32/3139-резец.png,резец
3140,32,40,series-32/3140-пигменты.png,пигменты
3141,32,41,series-32/3141-кисть-и-вода.png,кисть и вода
3142,32,42,series-32/3142-трещина-стены.png,трещина стены
3143,32,43,series-32/3143-свет-росписи.png,свет росписи
3144,32,44,series-32/3144-старый-слой.png,старый слой
3145,32,45,series-32/3145-общая-работа.png,общая работа
3146,32,46,series-32/3146-запись-мастера.png,запись мастера
3147,32,47,series-32/3147-дверь-храма.png,дверь храма
3148,32,48,series-32/3148-развилка.png,развилка
3149,32,49,series-32/3149-возвращение.png,возвращение
3150,32,50,series-32/3150-следующий-штрих.png,следующий штрих
3151,32,51,series-32/3151-голос-рассказчика.png,голос рассказчика
3152,32,52,series-32/3152-жест-памяти.png,жест памяти
3153,32,53,series-32/3153-тетрадь.png,тетрадь
3154,32,54,series-32/3154-окно-к-Дону.png,окно к Дону
3155,32,55,series-32/3155-камыши.png,камыши
3156,32,56,series-32/3156-станица.png,станица
3157,32,57,series-32/3157-корни.png,корни
3158,32,58,series-32/3158-камень.png,камень
3159,32,59,series-32/3159-курень.png,курень
3160,32,60,series-32/3160-общий-стол.png,общий стол
3161,32,61,series-32/3161-семейная-песня.png,семейная песня
3162,32,62,series-32/3162-наличник.png,наличник
3163,32,63,series-32/3163-передача-предмета.png,передача предмета
3164,32,64,series-32/3164-упряжь.png,упряжь
3165,32,65,series-32/3165-забота.png,забота
3166,32,66,series-32/3166-круг-обучения.png,круг обучения
3167,32,67,series-32/3167-остановка.png,остановка
3168,32,68,series-32/3168-зерно-дерева.png,зерно дерева
3169,32,69,series-32/3169-резец.png,резец
3170,32,70,series-32/3170-пигменты.png,пигменты
3171,32,71,series-32/3171-кисть-и-вода.png,кисть и вода
3172,32,72,series-32/3172-трещина-стены.png,трещина стены
3173,32,73,series-32/3173-свет-росписи.png,свет росписи
3174,32,74,series-32/3174-старый-слой.png,старый слой
3175,32,75,series-32/3175-общая-работа.png,общая работа
3176,32,76,series-32/3176-запись-мастера.png,запись мастера
3177,32,77,series-32/3177-дверь-храма.png,дверь храма
3178,32,78,series-32/3178-развилка.png,развилка
3179,32,79,series-32/3179-возвращение.png,возвращение
3180,32,80,series-32/3180-следующий-штрих.png,следующий штрих
3181,32,81,series-32/3181-голос-рассказчика.png,голос рассказчика
3182,32,82,series-32/3182-жест-памяти.png,жест памяти
3183,32,83,series-32/3183-тетрадь.png,тетрадь
3184,32,84,series-32/3184-окно-к-Дону.png,окно к Дону
3185,32,85,series-32/3185-камыши.png,камыши
3186,32,86,series-32/3186-станица.png,станица
3187,32,87,series-32/3187-корни.png,корни
3188,32,88,series-32/3188-камень.png,камень
3189,32,89,series-32/3189-курень.png,курень
3190,32,90,series-32/3190-общий-стол.png,общий стол
3191,32,91,series-32/3191-семейная-песня.png,семейная песня
3192,32,92,series-32/3192-наличник.png,наличник
3193,32,93,series-32/3193-передача-предмета.png,передача предмета
3194,32,94,series-32/3194-упряжь.png,упряжь
3195,32,95,series-32/3195-забота.png,забота
3196,32,96,series-32/3196-круг-обучения.png,круг обучения
3197,32,97,series-32/3197-остановка.png,остановка
3198,32,98,series-32/3198-зерно-дерева.png,зерно дерева
3199,32,99,series-32/3199-резец.png,резец
3200,32,100,series-32/3200-пигменты.png,пигменты
3201,33,1,series-33/3201-кисть-и-вода.png,кисть и вода
3202,33,2,series-33/3202-трещина-стены.png,трещина стены
3203,33,3,series-33/3203-свет-росписи.png,свет росписи
3204,33,4,series-33/3204-старый-слой.png,старый слой
3205,33,5,series-33/3205-общая-работа.png,общая работа
3206,33,6,series-33/3206-запись-мастера.png,запись мастера
3207,33,7,series-33/3207-дверь-храма.png,дверь храма
3208,33,8,series-33/3208-развилка.png,развилка
3209,33,9,series-33/3209-возвращение.png,возвращение
3210,33,10,series-33/3210-следующий-штрих.png,следующий штрих
3211,33,11,series-33/3211-голос-рассказчика.png,голос рассказчика
3212,33,12,series-33/3212-жест-памяти.png,жест памяти
3213,33,13,series-33/3213-тетрадь.png,тетрадь
3214,33,14,series-33/3214-окно-к-Дону.png,окно к Дону
3215,33,15,series-33/3215-камыши.png,камыши
3216,33,16,series-33/3216-станица.png,станица
3217,33,17,series-33/3217-корни.png,корни
3218,33,18,series-33/3218-камень.png,камень
3219,33,19,series-33/3219-курень.png,курень
3220,33,20,series-33/3220-общий-стол.png,общий стол
3221,33,21,series-33/3221-семейная-песня.png,семейная песня
3222,33,22,series-33/3222-наличник.png,наличник
3223,33,23,series-33/3223-передача-предмета.png,передача предмета
3224,33,24,series-33/3224-упряжь.png,упряжь
3225,33,25,series-33/3225-забота.png,забота
3226,33,26,series-33/3226-круг-обучения.png,круг обучения
3227,33,27,series-33/3227-остановка.png,остановка
3228,33,28,series-33/3228-зерно-дерева.png,зерно дерева
3229,33,29,series-33/3229-резец.png,резец
3230,33,30,series-33/3230-пигменты.png,пигменты
3231,33,31,series-33/3231-кисть-и-вода.png,кисть и вода
3232,33,32,series-33/3232-трещина-стены.png,трещина стены
3233,33,33,series-33/3233-свет-росписи.png,свет росписи
3234,33,34,series-33/3234-старый-слой.png,старый слой
3235,33,35,series-33/3235-общая-работа.png,общая работа
3236,33,36,series-33/3236-запись-мастера.png,запись мастера
3237,33,37,series-33/3237-дверь-храма.png,дверь храма
3238,33,38,series-33/3238-развилка.png,развилка
3239,33,39,series-33/3239-возвращение.png,возвращение
3240,33,40,series-33/3240-следующий-штрих.png,следующий штрих
3241,33,41,series-33/3241-голос-рассказчика.png,голос рассказчика
3242,33,42,series-33/3242-жест-памяти.png,жест памяти
3243,33,43,series-33/3243-тетрадь.png,тетрадь
3244,33,44,series-33/3244-окно-к-Дону.png,окно к Дону
3245,33,45,series-33/3245-камыши.png,камыши
3246,33,46,series-33/3246-станица.png,станица
3247,33,47,series-33/3247-корни.png,корни
3248,33,48,series-33/3248-камень.png,камень
3249,33,49,series-33/3249-курень.png,курень
3250,33,50,series-33/3250-общий-стол.png,общий стол
3251,33,51,series-33/3251-семейная-песня.png,семейная песня
3252,33,52,series-33/3252-наличник.png,наличник
3253,33,53,series-33/3253-передача-предмета.png,передача предмета
3254,33,54,series-33/3254-упряжь.png,упряжь
3255,33,55,series-33/3255-забота.png,забота
3256,33,56,series-33/3256-круг-обучения.png,круг обучения
3257,33,57,series-33/3257-остановка.png,остановка
3258,33,58,series-33/3258-зерно-дерева.png,зерно дерева
3259,33,59,series-33/3259-резец.png,резец
3260,33,60,series-33/3260-пигменты.png,пигменты
3261,33,61,series-33/3261-кисть-и-вода.png,кисть и вода
3262,33,62,series-33/3262-трещина-стены.png,трещина стены
3263,33,63,series-33/3263-свет-росписи.png,свет росписи
3264,33,64,series-33/3264-старый-слой.png,старый слой
3265,33,65,series-33/3265-общая-работа.png,общая работа
3266,33,66,series-33/3266-запись-мастера.png,запись мастера
3267,33,67,series-33/3267-дверь-храма.png,дверь храма
3268,33,68,series-33/3268-развилка.png,развилка
3269,33,69,series-33/3269-возвращение.png,возвращение
3270,33,70,series-33/3270-следующий-штрих.png,следующий штрих
3271,33,71,series-33/3271-голос-рассказчика.png,голос рассказчика
3272,33,72,series-33/3272-жест-памяти.png,жест памяти
3273,33,73,series-33/3273-тетрадь.png,тетрадь
3274,33,74,series-33/3274-окно-к-Дону.png,окно к Дону
3275,33,75,series-33/3275-камыши.png,камыши
3276,33,76,series-33/3276-станица.png,станица
3277,33,77,series-33/3277-корни.png,корни
3278,33,78,series-33/3278-камень.png,камень
3279,33,79,series-33/3279-курень.png,курень
3280,33,80,series-33/3280-общий-стол.png,общий стол
3281,33,81,series-33/3281-семейная-песня.png,семейная песня
3282,33,82,series-33/3282-наличник.png,наличник
3283,33,83,series-33/3283-передача-предмета.png,передача предмета
3284,33,84,series-33/3284-упряжь.png,упряжь
3285,33,85,series-33/3285-забота.png,забота
3286,33,86,series-33/3286-круг-обучения.png,круг обучения
3287,33,87,series-33/3287-остановка.png,остановка
3288,33,88,series-33/3288-зерно-дерева.png,зерно дерева
3289,33,89,series-33/3289-резец.png,резец
3290,33,90,series-33/3290-пигменты.png,пигменты
3291,33,91,series-33/3291-кисть-и-вода.png,кисть и вода
3292,33,92,series-33/3292-трещина-стены.png,трещина стены
3293,33,93,series-33/3293-свет-росписи.png,свет росписи
3294,33,94,series-33/3294-старый-слой.png,старый слой
3295,33,95,series-33/3295-общая-работа.png,общая работа
3296,33,96,series-33/3296-запись-мастера.png,запись мастера
3297,33,97,series-33/3297-дверь-храма.png,дверь храма
3298,33,98,series-33/3298-развилка.png,развилка
3299,33,99,series-33/3299-возвращение.png,возвращение
3300,33,100,series-33/3300-следующий-штрих.png,следующий штрих
3301,34,1,series-34/3301-голос-рассказчика.png,голос рассказчика
3302,34,2,series-34/3302-жест-памяти.png,жест памяти
3303,34,3,series-34/3303-тетрадь.png,тетрадь
3304,34,4,series-34/3304-окно-к-Дону.png,окно к Дону
3305,34,5,series-34/3305-камыши.png,камыши
3306,34,6,series-34/3306-станица.png,станица
3307,34,7,series-34/3307-корни.png,корни
3308,34,8,series-34/3308-камень.png,камень
3309,34,9,series-34/3309-курень.png,курень
3310,34,10,series-34/3310-общий-стол.png,общий стол
3311,34,11,series-34/3311-семейная-песня.png,семейная песня
3312,34,12,series-34/3312-наличник.png,наличник
3313,34,13,series-34/3313-передача-предмета.png,передача предмета
3314,34,14,series-34/3314-упряжь.png,упряжь
3315,34,15,series-34/3315-забота.png,забота
3316,34,16,series-34/3316-круг-обучения.png,круг обучения
3317,34,17,series-34/3317-остановка.png,остановка
3318,34,18,series-34/3318-зерно-дерева.png,зерно дерева
3319,34,19,series-34/3319-резец.png,резец
3320,34,20,series-34/3320-пигменты.png,пигменты
3321,34,21,series-34/3321-кисть-и-вода.png,кисть и вода
3322,34,22,series-34/3322-трещина-стены.png,трещина стены
3323,34,23,series-34/3323-свет-росписи.png,свет росписи
3324,34,24,series-34/3324-старый-слой.png,старый слой
3325,34,25,series-34/3325-общая-работа.png,общая работа
3326,34,26,series-34/3326-запись-мастера.png,запись мастера
3327,34,27,series-34/3327-дверь-храма.png,дверь храма
3328,34,28,series-34/3328-развилка.png,развилка
3329,34,29,series-34/3329-возвращение.png,возвращение
3330,34,30,series-34/3330-следующий-штрих.png,следующий штрих
3331,34,31,series-34/3331-голос-рассказчика.png,голос рассказчика
3332,34,32,series-34/3332-жест-памяти.png,жест памяти
3333,34,33,series-34/3333-тетрадь.png,тетрадь
3334,34,34,series-34/3334-окно-к-Дону.png,окно к Дону
3335,34,35,series-34/3335-камыши.png,камыши
3336,34,36,series-34/3336-станица.png,станица
3337,34,37,series-34/3337-корни.png,корни
3338,34,38,series-34/3338-камень.png,камень
3339,34,39,series-34/3339-курень.png,курень
3340,34,40,series-34/3340-общий-стол.png,общий стол
3341,34,41,series-34/3341-семейная-песня.png,семейная песня
3342,34,42,series-34/3342-наличник.png,наличник
3343,34,43,series-34/3343-передача-предмета.png,передача предмета
3344,34,44,series-34/3344-упряжь.png,упряжь
3345,34,45,series-34/3345-забота.png,забота
3346,34,46,series-34/3346-круг-обучения.png,круг обучения
3347,34,47,series-34/3347-остановка.png,остановка
3348,34,48,series-34/3348-зерно-дерева.png,зерно дерева
3349,34,49,series-34/3349-резец.png,резец
3350,34,50,series-34/3350-пигменты.png,пигменты
3351,34,51,series-34/3351-кисть-и-вода.png,кисть и вода
3352,34,52,series-34/3352-трещина-стены.png,трещина стены
3353,34,53,series-34/3353-свет-росписи.png,свет росписи
3354,34,54,series-34/3354-старый-слой.png,старый слой
3355,34,55,series-34/3355-общая-работа.png,общая работа
3356,34,56,series-34/3356-запись-мастера.png,запись мастера
3357,34,57,series-34/3357-дверь-храма.png,дверь храма
3358,34,58,series-34/3358-развилка.png,развилка
3359,34,59,series-34/3359-возвращение.png,возвращение
3360,34,60,series-34/3360-следующий-штрих.png,следующий штрих
3361,34,61,series-34/3361-голос-рассказчика.png,голос рассказчика
3362,34,62,series-34/3362-жест-памяти.png,жест памяти
3363,34,63,series-34/3363-тетрадь.png,тетрадь
3364,34,64,series-34/3364-окно-к-Дону.png,окно к Дону
3365,34,65,series-34/3365-камыши.png,камыши
3366,34,66,series-34/3366-станица.png,станица
3367,34,67,series-34/3367-корни.png,корни
3368,34,68,series-34/3368-камень.png,камень
3369,34,69,series-34/3369-курень.png,курень
3370,34,70,series-34/3370-общий-стол.png,общий стол
3371,34,71,series-34/3371-семейная-песня.png,семейная песня
3372,34,72,series-34/3372-наличник.png,наличник
3373,34,73,series-34/3373-передача-предмета.png,передача предмета
3374,34,74,series-34/3374-упряжь.png,упряжь
3375,34,75,series-34/3375-забота.png,забота
3376,34,76,series-34/3376-круг-обучения.png,круг обучения
3377,34,77,series-34/3377-остановка.png,остановка
3378,34,78,series-34/3378-зерно-дерева.png,зерно дерева
3379,34,79,series-34/3379-резец.png,резец
3380,34,80,series-34/3380-пигменты.png,пигменты
3381,34,81,series-34/3381-кисть-и-вода.png,кисть и вода
3382,34,82,series-34/3382-трещина-стены.png,трещина стены
3383,34,83,series-34/3383-свет-росписи.png,свет росписи
3384,34,84,series-34/3384-старый-слой.png,старый слой
3385,34,85,series-34/3385-общая-работа.png,общая работа
3386,34,86,series-34/3386-запись-мастера.png,запись мастера
3387,34,87,series-34/3387-дверь-храма.png,дверь храма
3388,34,88,series-34/3388-развилка.png,развилка
3389,34,89,series-34/3389-возвращение.png,возвращение
3390,34,90,series-34/3390-следующий-штрих.png,следующий штрих
3391,34,91,series-34/3391-голос-рассказчика.png,голос рассказчика
3392,34,92,series-34/3392-жест-памяти.png,жест памяти
3393,34,93,series-34/3393-тетрадь.png,тетрадь
3394,34,94,series-34/3394-окно-к-Дону.png,окно к Дону
3395,34,95,series-34/3395-камыши.png,камыши
3396,34,96,series-34/3396-станица.png,станица
3397,34,97,series-34/3397-корни.png,корни
3398,34,98,series-34/3398-камень.png,камень
3399,34,99,series-34/3399-курень.png,курень
3400,34,100,series-34/3400-общий-стол.png,общий стол
3401,35,1,series-35/3401-семейная-песня.png,семейная песня
3402,35,2,series-35/3402-наличник.png,наличник
3403,35,3,series-35/3403-передача-предмета.png,передача предмета
3404,35,4,series-35/3404-упряжь.png,упряжь
3405,35,5,series-35/3405-забота.png,забота
3406,35,6,series-35/3406-круг-обучения.png,круг обучения
3407,35,7,series-35/3407-остановка.png,остановка
3408,35,8,series-35/3408-зерно-дерева.png,зерно дерева
3409,35,9,series-35/3409-резец.png,резец
3410,35,10,series-35/3410-пигменты.png,пигменты
3411,35,11,series-35/3411-кисть-и-вода.png,кисть и вода
3412,35,12,series-35/3412-трещина-стены.png,трещина стены
3413,35,13,series-35/3413-свет-росписи.png,свет росписи
3414,35,14,series-35/3414-старый-слой.png,старый слой
3415,35,15,series-35/3415-общая-работа.png,общая работа
3416,35,16,series-35/3416-запись-мастера.png,запись мастера
3417,35,17,series-35/3417-дверь-храма.png,дверь храма
3418,35,18,series-35/3418-развилка.png,развилка
3419,35,19,series-35/3419-возвращение.png,возвращение
3420,35,20,series-35/3420-следующий-штрих.png,следующий штрих
3421,35,21,series-35/3421-голос-рассказчика.png,голос рассказчика
3422,35,22,series-35/3422-жест-памяти.png,жест памяти
3423,35,23,series-35/3423-тетрадь.png,тетрадь
3424,35,24,series-35/3424-окно-к-Дону.png,окно к Дону
3425,35,25,series-35/3425-камыши.png,камыши
3426,35,26,series-35/3426-станица.png,станица
3427,35,27,series-35/3427-корни.png,корни
3428,35,28,series-35/3428-камень.png,камень
3429,35,29,series-35/3429-курень.png,курень
3430,35,30,series-35/3430-общий-стол.png,общий стол
3431,35,31,series-35/3431-семейная-песня.png,семейная песня
3432,35,32,series-35/3432-наличник.png,наличник
3433,35,33,series-35/3433-передача-предмета.png,передача предмета
3434,35,34,series-35/3434-упряжь.png,упряжь
3435,35,35,series-35/3435-забота.png,забота
3436,35,36,series-35/3436-круг-обучения.png,круг обучения
3437,35,37,series-35/3437-остановка.png,остановка
3438,35,38,series-35/3438-зерно-дерева.png,зерно дерева
3439,35,39,series-35/3439-резец.png,резец
3440,35,40,series-35/3440-пигменты.png,пигменты
3441,35,41,series-35/3441-кисть-и-вода.png,кисть и вода
3442,35,42,series-35/3442-трещина-стены.png,трещина стены
3443,35,43,series-35/3443-свет-росписи.png,свет росписи
3444,35,44,series-35/3444-старый-слой.png,старый слой
3445,35,45,series-35/3445-общая-работа.png,общая работа
3446,35,46,series-35/3446-запись-мастера.png,запись мастера
3447,35,47,series-35/3447-дверь-храма.png,дверь храма
3448,35,48,series-35/3448-развилка.png,развилка
3449,35,49,series-35/3449-возвращение.png,возвращение
3450,35,50,series-35/3450-следующий-штрих.png,следующий штрих
3451,35,51,series-35/3451-голос-рассказчика.png,голос рассказчика
3452,35,52,series-35/3452-жест-памяти.png,жест памяти
3453,35,53,series-35/3453-тетрадь.png,тетрадь
3454,35,54,series-35/3454-окно-к-Дону.png,окно к Дону
3455,35,55,series-35/3455-камыши.png,камыши
3456,35,56,series-35/3456-станица.png,станица
3457,35,57,series-35/3457-корни.png,корни
3458,35,58,series-35/3458-камень.png,камень
3459,35,59,series-35/3459-курень.png,курень
3460,35,60,series-35/3460-общий-стол.png,общий стол
3461,35,61,series-35/3461-семейная-песня.png,семейная песня
3462,35,62,series-35/3462-наличник.png,наличник
3463,35,63,series-35/3463-передача-предмета.png,передача предмета
3464,35,64,series-35/3464-упряжь.png,упряжь
3465,35,65,series-35/3465-забота.png,забота
3466,35,66,series-35/3466-круг-обучения.png,круг обучения
3467,35,67,series-35/3467-остановка.png,остановка
3468,35,68,series-35/3468-зерно-дерева.png,зерно дерева
3469,35,69,series-35/3469-резец.png,резец
3470,35,70,series-35/3470-пигменты.png,пигменты
3471,35,71,series-35/3471-кисть-и-вода.png,кисть и вода
3472,35,72,series-35/3472-трещина-стены.png,трещина стены
3473,35,73,series-35/3473-свет-росписи.png,свет росписи
3474,35,74,series-35/3474-старый-слой.png,старый слой
3475,35,75,series-35/3475-общая-работа.png,общая работа
3476,35,76,series-35/3476-запись-мастера.png,запись мастера
3477,35,77,series-35/3477-дверь-храма.png,дверь храма
3478,35,78,series-35/3478-развилка.png,развилка
3479,35,79,series-35/3479-возвращение.png,возвращение
3480,35,80,series-35/3480-следующий-штрих.png,следующий штрих
3481,35,81,series-35/3481-голос-рассказчика.png,голос рассказчика
3482,35,82,series-35/3482-жест-памяти.png,жест памяти
3483,35,83,series-35/3483-тетрадь.png,тетрадь
3484,35,84,series-35/3484-окно-к-Дону.png,окно к Дону
3485,35,85,series-35/3485-камыши.png,камыши
3486,35,86,series-35/3486-станица.png,станица
3487,35,87,series-35/3487-корни.png,корни
3488,35,88,series-35/3488-камень.png,камень
3489,35,89,series-35/3489-курень.png,курень
3490,35,90,series-35/3490-общий-стол.png,общий стол
3491,35,91,series-35/3491-семейная-песня.png,семейная песня
3492,35,92,series-35/3492-наличник.png,наличник
3493,35,93,series-35/3493-передача-предмета.png,передача предмета
3494,35,94,series-35/3494-упряжь.png,упряжь
3495,35,95,series-35/3495-забота.png,забота
3496,35,96,series-35/3496-круг-обучения.png,круг обучения
3497,35,97,series-35/3497-остановка.png,остановка
3498,35,98,series-35/3498-зерно-дерева.png,зерно дерева
3499,35,99,series-35/3499-резец.png,резец
3500,35,100,series-35/3500-пигменты.png,пигменты
3501,36,1,series-36/3501-кисть-и-вода.png,кисть и вода
3502,36,2,series-36/3502-трещина-стены.png,трещина стены
3503,36,3,series-36/3503-свет-росписи.png,свет росписи
3504,36,4,series-36/3504-старый-слой.png,старый слой
3505,36,5,series-36/3505-общая-работа.png,общая работа
3506,36,6,series-36/3506-запись-мастера.png,запись мастера
3507,36,7,series-36/3507-дверь-храма.png,дверь храма
3508,36,8,series-36/3508-развилка.png,развилка
3509,36,9,series-36/3509-возвращение.png,возвращение
3510,36,10,series-36/3510-следующий-штрих.png,следующий штрих
3511,36,11,series-36/3511-голос-рассказчика.png,голос рассказчика
3512,36,12,series-36/3512-жест-памяти.png,жест памяти
3513,36,13,series-36/3513-тетрадь.png,тетрадь
3514,36,14,series-36/3514-окно-к-Дону.png,окно к Дону
3515,36,15,series-36/3515-камыши.png,камыши
3516,36,16,series-36/3516-станица.png,станица
3517,36,17,series-36/3517-корни.png,корни
3518,36,18,series-36/3518-камень.png,камень
3519,36,19,series-36/3519-курень.png,курень
3520,36,20,series-36/3520-общий-стол.png,общий стол
3521,36,21,series-36/3521-семейная-песня.png,семейная песня
3522,36,22,series-36/3522-наличник.png,наличник
3523,36,23,series-36/3523-передача-предмета.png,передача предмета
3524,36,24,series-36/3524-упряжь.png,упряжь
3525,36,25,series-36/3525-забота.png,забота
3526,36,26,series-36/3526-круг-обучения.png,круг обучения
3527,36,27,series-36/3527-остановка.png,остановка
3528,36,28,series-36/3528-зерно-дерева.png,зерно дерева
3529,36,29,series-36/3529-резец.png,резец
3530,36,30,series-36/3530-пигменты.png,пигменты
3531,36,31,series-36/3531-кисть-и-вода.png,кисть и вода
3532,36,32,series-36/3532-трещина-стены.png,трещина стены
3533,36,33,series-36/3533-свет-росписи.png,свет росписи
3534,36,34,series-36/3534-старый-слой.png,старый слой
3535,36,35,series-36/3535-общая-работа.png,общая работа
3536,36,36,series-36/3536-запись-мастера.png,запись мастера
3537,36,37,series-36/3537-дверь-храма.png,дверь храма
3538,36,38,series-36/3538-развилка.png,развилка
3539,36,39,series-36/3539-возвращение.png,возвращение
3540,36,40,series-36/3540-следующий-штрих.png,следующий штрих
3541,36,41,series-36/3541-голос-рассказчика.png,голос рассказчика
3542,36,42,series-36/3542-жест-памяти.png,жест памяти
3543,36,43,series-36/3543-тетрадь.png,тетрадь
3544,36,44,series-36/3544-окно-к-Дону.png,окно к Дону
3545,36,45,series-36/3545-камыши.png,камыши
3546,36,46,series-36/3546-станица.png,станица
3547,36,47,series-36/3547-корни.png,корни
3548,36,48,series-36/3548-камень.png,камень
3549,36,49,series-36/3549-курень.png,курень
3550,36,50,series-36/3550-общий-стол.png,общий стол
3551,36,51,series-36/3551-семейная-песня.png,семейная песня
3552,36,52,series-36/3552-наличник.png,наличник
3553,36,53,series-36/3553-передача-предмета.png,передача предмета
3554,36,54,series-36/3554-упряжь.png,упряжь
3555,36,55,series-36/3555-забота.png,забота
3556,36,56,series-36/3556-круг-обучения.png,круг обучения
3557,36,57,series-36/3557-остановка.png,остановка
3558,36,58,series-36/3558-зерно-дерева.png,зерно дерева
3559,36,59,series-36/3559-резец.png,резец
3560,36,60,series-36/3560-пигменты.png,пигменты
3561,36,61,series-36/3561-кисть-и-вода.png,кисть и вода
3562,36,62,series-36/3562-трещина-стены.png,трещина стены
3563,36,63,series-36/3563-свет-росписи.png,свет росписи
3564,36,64,series-36/3564-старый-слой.png,старый слой
3565,36,65,series-36/3565-общая-работа.png,общая работа
3566,36,66,series-36/3566-запись-мастера.png,запись мастера
3567,36,67,series-36/3567-дверь-храма.png,дверь храма
3568,36,68,series-36/3568-развилка.png,развилка
3569,36,69,series-36/3569-возвращение.png,возвращение
3570,36,70,series-36/3570-следующий-штрих.png,следующий штрих
3571,36,71,series-36/3571-голос-рассказчика.png,голос рассказчика
3572,36,72,series-36/3572-жест-памяти.png,жест памяти
3573,36,73,series-36/3573-тетрадь.png,тетрадь
3574,36,74,series-36/3574-окно-к-Дону.png,окно к Дону
3575,36,75,series-36/3575-камыши.png,камыши
3576,36,76,series-36/3576-станица.png,станица
3577,36,77,series-36/3577-корни.png,корни
3578,36,78,series-36/3578-камень.png,камень
3579,36,79,series-36/3579-курень.png,курень
3580,36,80,series-36/3580-общий-стол.png,общий стол
3581,36,81,series-36/3581-семейная-песня.png,семейная песня
3582,36,82,series-36/3582-наличник.png,наличник
3583,36,83,series-36/3583-передача-предмета.png,передача предмета
3584,36,84,series-36/3584-упряжь.png,упряжь
3585,36,85,series-36/3585-забота.png,забота
3586,36,86,series-36/3586-круг-обучения.png,круг обучения
3587,36,87,series-36/3587-остановка.png,остановка
3588,36,88,series-36/3588-зерно-дерева.png,зерно дерева
3589,36,89,series-36/3589-резец.png,резец
3590,36,90,series-36/3590-пигменты.png,пигменты
3591,36,91,series-36/3591-кисть-и-вода.png,кисть и вода
3592,36,92,series-36/3592-трещина-стены.png,трещина стены
3593,36,93,series-36/3593-свет-росписи.png,свет росписи
3594,36,94,series-36/3594-старый-слой.png,старый слой
3595,36,95,series-36/3595-общая-работа.png,общая работа
3596,36,96,series-36/3596-запись-мастера.png,запись мастера
3597,36,97,series-36/3597-дверь-храма.png,дверь храма
3598,36,98,series-36/3598-развилка.png,развилка
3599,36,99,series-36/3599-возвращение.png,возвращение
3600,36,100,series-36/3600-следующий-штрих.png,следующий штрих
3601,37,1,series-37/3601-голос-рассказчика.png,голос рассказчика
3602,37,2,series-37/3602-жест-памяти.png,жест памяти
3603,37,3,series-37/3603-тетрадь.png,тетрадь
3604,37,4,series-37/3604-окно-к-Дону.png,окно к Дону
3605,37,5,series-37/3605-камыши.png,камыши
3606,37,6,series-37/3606-станица.png,станица
3607,37,7,series-37/3607-корни.png,корни
3608,37,8,series-37/3608-камень.png,камень
3609,37,9,series-37/3609-курень.png,курень
3610,37,10,series-37/3610-общий-стол.png,общий стол
3611,37,11,series-37/3611-семейная-песня.png,семейная песня
3612,37,12,series-37/3612-наличник.png,наличник
3613,37,13,series-37/3613-передача-предмета.png,передача предмета
3614,37,14,series-37/3614-упряжь.png,упряжь
3615,37,15,series-37/3615-забота.png,забота
3616,37,16,series-37/3616-круг-обучения.png,круг обучения
3617,37,17,series-37/3617-остановка.png,остановка
3618,37,18,series-37/3618-зерно-дерева.png,зерно дерева
3619,37,19,series-37/3619-резец.png,резец
3620,37,20,series-37/3620-пигменты.png,пигменты
3621,37,21,series-37/3621-кисть-и-вода.png,кисть и вода
3622,37,22,series-37/3622-трещина-стены.png,трещина стены
3623,37,23,series-37/3623-свет-росписи.png,свет росписи
3624,37,24,series-37/3624-старый-слой.png,старый слой
3625,37,25,series-37/3625-общая-работа.png,общая работа
3626,37,26,series-37/3626-запись-мастера.png,запись мастера
3627,37,27,series-37/3627-дверь-храма.png,дверь храма
3628,37,28,series-37/3628-развилка.png,развилка
3629,37,29,series-37/3629-возвращение.png,возвращение
3630,37,30,series-37/3630-следующий-штрих.png,следующий штрих
3631,37,31,series-37/3631-голос-рассказчика.png,голос рассказчика
3632,37,32,series-37/3632-жест-памяти.png,жест памяти
3633,37,33,series-37/3633-тетрадь.png,тетрадь
3634,37,34,series-37/3634-окно-к-Дону.png,окно к Дону
3635,37,35,series-37/3635-камыши.png,камыши
3636,37,36,series-37/3636-станица.png,станица
3637,37,37,series-37/3637-корни.png,корни
3638,37,38,series-37/3638-камень.png,камень
3639,37,39,series-37/3639-курень.png,курень
3640,37,40,series-37/3640-общий-стол.png,общий стол
3641,37,41,series-37/3641-семейная-песня.png,семейная песня
3642,37,42,series-37/3642-наличник.png,наличник
3643,37,43,series-37/3643-передача-предмета.png,передача предмета
3644,37,44,series-37/3644-упряжь.png,упряжь
3645,37,45,series-37/3645-забота.png,забота
3646,37,46,series-37/3646-круг-обучения.png,круг обучения
3647,37,47,series-37/3647-остановка.png,остановка
3648,37,48,series-37/3648-зерно-дерева.png,зерно дерева
3649,37,49,series-37/3649-резец.png,резец
3650,37,50,series-37/3650-пигменты.png,пигменты
3651,37,51,series-37/3651-кисть-и-вода.png,кисть и вода
3652,37,52,series-37/3652-трещина-стены.png,трещина стены
3653,37,53,series-37/3653-свет-росписи.png,свет росписи
3654,37,54,series-37/3654-старый-слой.png,старый слой
3655,37,55,series-37/3655-общая-работа.png,общая работа
3656,37,56,series-37/3656-запись-мастера.png,запись мастера
3657,37,57,series-37/3657-дверь-храма.png,дверь храма
3658,37,58,series-37/3658-развилка.png,развилка
3659,37,59,series-37/3659-возвращение.png,возвращение
3660,37,60,series-37/3660-следующий-штрих.png,следующий штрих
3661,37,61,series-37/3661-голос-рассказчика.png,голос рассказчика
3662,37,62,series-37/3662-жест-памяти.png,жест памяти
3663,37,63,series-37/3663-тетрадь.png,тетрадь
3664,37,64,series-37/3664-окно-к-Дону.png,окно к Дону
3665,37,65,series-37/3665-камыши.png,камыши
3666,37,66,series-37/3666-станица.png,станица
3667,37,67,series-37/3667-корни.png,корни
3668,37,68,series-37/3668-камень.png,камень
3669,37,69,series-37/3669-курень.png,курень
3670,37,70,series-37/3670-общий-стол.png,общий стол
3671,37,71,series-37/3671-семейная-песня.png,семейная песня
3672,37,72,series-37/3672-наличник.png,наличник
3673,37,73,series-37/3673-передача-предмета.png,передача предмета
3674,37,74,series-37/3674-упряжь.png,упряжь
3675,37,75,series-37/3675-забота.png,забота
3676,37,76,series-37/3676-круг-обучения.png,круг обучения
3677,37,77,series-37/3677-остановка.png,остановка
3678,37,78,series-37/3678-зерно-дерева.png,зерно дерева
3679,37,79,series-37/3679-резец.png,резец
3680,37,80,series-37/3680-пигменты.png,пигменты
3681,37,81,series-37/3681-кисть-и-вода.png,кисть и вода
3682,37,82,series-37/3682-трещина-стены.png,трещина стены
3683,37,83,series-37/3683-свет-росписи.png,свет росписи
3684,37,84,series-37/3684-старый-слой.png,старый слой
3685,37,85,series-37/3685-общая-работа.png,общая работа
3686,37,86,series-37/3686-запись-мастера.png,запись мастера
3687,37,87,series-37/3687-дверь-храма.png,дверь храма
3688,37,88,series-37/3688-развилка.png,развилка
3689,37,89,series-37/3689-возвращение.png,возвращение
3690,37,90,series-37/3690-следующий-штрих.png,следующий штрих
3691,37,91,series-37/3691-голос-рассказчика.png,голос рассказчика
3692,37,92,series-37/3692-жест-памяти.png,жест памяти
3693,37,93,series-37/3693-тетрадь.png,тетрадь
3694,37,94,series-37/3694-окно-к-Дону.png,окно к Дону
3695,37,95,series-37/3695-камыши.png,камыши
3696,37,96,series-37/3696-станица.png,станица
3697,37,97,series-37/3697-корни.png,корни
3698,37,98,series-37/3698-камень.png,камень
3699,37,99,series-37/3699-курень.png,курень
3700,37,100,series-37/3700-общий-стол.png,общий стол
3701,38,1,series-38/3701-семейная-песня.png,семейная песня
3702,38,2,series-38/3702-наличник.png,наличник
3703,38,3,series-38/3703-передача-предмета.png,передача предмета
3704,38,4,series-38/3704-упряжь.png,упряжь
3705,38,5,series-38/3705-забота.png,забота
3706,38,6,series-38/3706-круг-обучения.png,круг обучения
3707,38,7,series-38/3707-остановка.png,остановка
3708,38,8,series-38/3708-зерно-дерева.png,зерно дерева
3709,38,9,series-38/3709-резец.png,резец
3710,38,10,series-38/3710-пигменты.png,пигменты
3711,38,11,series-38/3711-кисть-и-вода.png,кисть и вода
3712,38,12,series-38/3712-трещина-стены.png,трещина стены
3713,38,13,series-38/3713-свет-росписи.png,свет росписи
3714,38,14,series-38/3714-старый-слой.png,старый слой
3715,38,15,series-38/3715-общая-работа.png,общая работа
3716,38,16,series-38/3716-запись-мастера.png,запись мастера
3717,38,17,series-38/3717-дверь-храма.png,дверь храма
3718,38,18,series-38/3718-развилка.png,развилка
3719,38,19,series-38/3719-возвращение.png,возвращение
3720,38,20,series-38/3720-следующий-штрих.png,следующий штрих
3721,38,21,series-38/3721-голос-рассказчика.png,голос рассказчика
3722,38,22,series-38/3722-жест-памяти.png,жест памяти
3723,38,23,series-38/3723-тетрадь.png,тетрадь
3724,38,24,series-38/3724-окно-к-Дону.png,окно к Дону
3725,38,25,series-38/3725-камыши.png,камыши
3726,38,26,series-38/3726-станица.png,станица
3727,38,27,series-38/3727-корни.png,корни
3728,38,28,series-38/3728-камень.png,камень
3729,38,29,series-38/3729-курень.png,курень
3730,38,30,series-38/3730-общий-стол.png,общий стол
3731,38,31,series-38/3731-семейная-песня.png,семейная песня
3732,38,32,series-38/3732-наличник.png,наличник
3733,38,33,series-38/3733-передача-предмета.png,передача предмета
3734,38,34,series-38/3734-упряжь.png,упряжь
3735,38,35,series-38/3735-забота.png,забота
3736,38,36,series-38/3736-круг-обучения.png,круг обучения
3737,38,37,series-38/3737-остановка.png,остановка
3738,38,38,series-38/3738-зерно-дерева.png,зерно дерева
3739,38,39,series-38/3739-резец.png,резец
3740,38,40,series-38/3740-пигменты.png,пигменты
3741,38,41,series-38/3741-кисть-и-вода.png,кисть и вода
3742,38,42,series-38/3742-трещина-стены.png,трещина стены
3743,38,43,series-38/3743-свет-росписи.png,свет росписи
3744,38,44,series-38/3744-старый-слой.png,старый слой
3745,38,45,series-38/3745-общая-работа.png,общая работа
3746,38,46,series-38/3746-запись-мастера.png,запись мастера
3747,38,47,series-38/3747-дверь-храма.png,дверь храма
3748,38,48,series-38/3748-развилка.png,развилка
3749,38,49,series-38/3749-возвращение.png,возвращение
3750,38,50,series-38/3750-следующий-штрих.png,следующий штрих
3751,38,51,series-38/3751-голос-рассказчика.png,голос рассказчика
3752,38,52,series-38/3752-жест-памяти.png,жест памяти
3753,38,53,series-38/3753-тетрадь.png,тетрадь
3754,38,54,series-38/3754-окно-к-Дону.png,окно к Дону
3755,38,55,series-38/3755-камыши.png,камыши
3756,38,56,series-38/3756-станица.png,станица
3757,38,57,series-38/3757-корни.png,корни
3758,38,58,series-38/3758-камень.png,камень
3759,38,59,series-38/3759-курень.png,курень
3760,38,60,series-38/3760-общий-стол.png,общий стол
3761,38,61,series-38/3761-семейная-песня.png,семейная песня
3762,38,62,series-38/3762-наличник.png,наличник
3763,38,63,series-38/3763-передача-предмета.png,передача предмета
3764,38,64,series-38/3764-упряжь.png,упряжь
3765,38,65,series-38/3765-забота.png,забота
3766,38,66,series-38/3766-круг-обучения.png,круг обучения
3767,38,67,series-38/3767-остановка.png,остановка
3768,38,68,series-38/3768-зерно-дерева.png,зерно дерева
3769,38,69,series-38/3769-резец.png,резец
3770,38,70,series-38/3770-пигменты.png,пигменты
3771,38,71,series-38/3771-кисть-и-вода.png,кисть и вода
3772,38,72,series-38/3772-трещина-стены.png,трещина стены
3773,38,73,series-38/3773-свет-росписи.png,свет росписи
3774,38,74,series-38/3774-старый-слой.png,старый слой
3775,38,75,series-38/3775-общая-работа.png,общая работа
3776,38,76,series-38/3776-запись-мастера.png,запись мастера
3777,38,77,series-38/3777-дверь-храма.png,дверь храма
3778,38,78,series-38/3778-развилка.png,развилка
3779,38,79,series-38/3779-возвращение.png,возвращение
3780,38,80,series-38/3780-следующий-штрих.png,следующий штрих
3781,38,81,series-38/3781-голос-рассказчика.png,голос рассказчика
3782,38,82,series-38/3782-жест-памяти.png,жест памяти
3783,38,83,series-38/3783-тетрадь.png,тетрадь
3784,38,84,series-38/3784-окно-к-Дону.png,окно к Дону
3785,38,85,series-38/3785-камыши.png,камыши
3786,38,86,series-38/3786-станица.png,станица
3787,38,87,series-38/3787-корни.png,корни
3788,38,88,series-38/3788-камень.png,камень
3789,38,89,series-38/3789-курень.png,курень
3790,38,90,series-38/3790-общий-стол.png,общий стол
3791,38,91,series-38/3791-семейная-песня.png,семейная песня
3792,38,92,series-38/3792-наличник.png,наличник
3793,38,93,series-38/3793-передача-предмета.png,передача предмета
3794,38,94,series-38/3794-упряжь.png,упряжь
3795,38,95,series-38/3795-забота.png,забота
3796,38,96,series-38/3796-круг-обучения.png,круг обучения
3797,38,97,series-38/3797-остановка.png,остановка
3798,38,98,series-38/3798-зерно-дерева.png,зерно дерева
3799,38,99,series-38/3799-резец.png,резец
3800,38,100,series-38/3800-пигменты.png,пигменты
3801,39,1,series-39/3801-кисть-и-вода.png,кисть и вода
3802,39,2,series-39/3802-трещина-стены.png,трещина стены
3803,39,3,series-39/3803-свет-росписи.png,свет росписи
3804,39,4,series-39/3804-старый-слой.png,старый слой
3805,39,5,series-39/3805-общая-работа.png,общая работа
3806,39,6,series-39/3806-запись-мастера.png,запись мастера
3807,39,7,series-39/3807-дверь-храма.png,дверь храма
3808,39,8,series-39/3808-развилка.png,развилка
3809,39,9,series-39/3809-возвращение.png,возвращение
3810,39,10,series-39/3810-следующий-штрих.png,следующий штрих
3811,39,11,series-39/3811-голос-рассказчика.png,голос рассказчика
3812,39,12,series-39/3812-жест-памяти.png,жест памяти
3813,39,13,series-39/3813-тетрадь.png,тетрадь
3814,39,14,series-39/3814-окно-к-Дону.png,окно к Дону
3815,39,15,series-39/3815-камыши.png,камыши
3816,39,16,series-39/3816-станица.png,станица
3817,39,17,series-39/3817-корни.png,корни
3818,39,18,series-39/3818-камень.png,камень
3819,39,19,series-39/3819-курень.png,курень
3820,39,20,series-39/3820-общий-стол.png,общий стол
3821,39,21,series-39/3821-семейная-песня.png,семейная песня
3822,39,22,series-39/3822-наличник.png,наличник
3823,39,23,series-39/3823-передача-предмета.png,передача предмета
3824,39,24,series-39/3824-упряжь.png,упряжь
3825,39,25,series-39/3825-забота.png,забота
3826,39,26,series-39/3826-круг-обучения.png,круг обучения
3827,39,27,series-39/3827-остановка.png,остановка
3828,39,28,series-39/3828-зерно-дерева.png,зерно дерева
3829,39,29,series-39/3829-резец.png,резец
3830,39,30,series-39/3830-пигменты.png,пигменты
3831,39,31,series-39/3831-кисть-и-вода.png,кисть и вода
3832,39,32,series-39/3832-трещина-стены.png,трещина стены
3833,39,33,series-39/3833-свет-росписи.png,свет росписи
3834,39,34,series-39/3834-старый-слой.png,старый слой
3835,39,35,series-39/3835-общая-работа.png,общая работа
3836,39,36,series-39/3836-запись-мастера.png,запись мастера
3837,39,37,series-39/3837-дверь-храма.png,дверь храма
3838,39,38,series-39/3838-развилка.png,развилка
3839,39,39,series-39/3839-возвращение.png,возвращение
3840,39,40,series-39/3840-следующий-штрих.png,следующий штрих
3841,39,41,series-39/3841-голос-рассказчика.png,голос рассказчика
3842,39,42,series-39/3842-жест-памяти.png,жест памяти
3843,39,43,series-39/3843-тетрадь.png,тетрадь
3844,39,44,series-39/3844-окно-к-Дону.png,окно к Дону
3845,39,45,series-39/3845-камыши.png,камыши
3846,39,46,series-39/3846-станица.png,станица
3847,39,47,series-39/3847-корни.png,корни
3848,39,48,series-39/3848-камень.png,камень
3849,39,49,series-39/3849-курень.png,курень
3850,39,50,series-39/3850-общий-стол.png,общий стол
3851,39,51,series-39/3851-семейная-песня.png,семейная песня
3852,39,52,series-39/3852-наличник.png,наличник
3853,39,53,series-39/3853-передача-предмета.png,передача предмета
3854,39,54,series-39/3854-упряжь.png,упряжь
3855,39,55,series-39/3855-забота.png,забота
3856,39,56,series-39/3856-круг-обучения.png,круг обучения
3857,39,57,series-39/3857-остановка.png,остановка
3858,39,58,series-39/3858-зерно-дерева.png,зерно дерева
3859,39,59,series-39/3859-резец.png,резец
3860,39,60,series-39/3860-пигменты.png,пигменты
3861,39,61,series-39/3861-кисть-и-вода.png,кисть и вода
3862,39,62,series-39/3862-трещина-стены.png,трещина стены
3863,39,63,series-39/3863-свет-росписи.png,свет росписи
3864,39,64,series-39/3864-старый-слой.png,старый слой
3865,39,65,series-39/3865-общая-работа.png,общая работа
3866,39,66,series-39/3866-запись-мастера.png,запись мастера
3867,39,67,series-39/3867-дверь-храма.png,дверь храма
3868,39,68,series-39/3868-развилка.png,развилка
3869,39,69,series-39/3869-возвращение.png,возвращение
3870,39,70,series-39/3870-следующий-штрих.png,следующий штрих
3871,39,71,series-39/3871-голос-рассказчика.png,голос рассказчика
3872,39,72,series-39/3872-жест-памяти.png,жест памяти
3873,39,73,series-39/3873-тетрадь.png,тетрадь
3874,39,74,series-39/3874-окно-к-Дону.png,окно к Дону
3875,39,75,series-39/3875-камыши.png,камыши
3876,39,76,series-39/3876-станица.png,станица
3877,39,77,series-39/3877-корни.png,корни
3878,39,78,series-39/3878-камень.png,камень
3879,39,79,series-39/3879-курень.png,курень
3880,39,80,series-39/3880-общий-стол.png,общий стол
3881,39,81,series-39/3881-семейная-песня.png,семейная песня
3882,39,82,series-39/3882-наличник.png,наличник
3883,39,83,series-39/3883-передача-предмета.png,передача предмета
3884,39,84,series-39/3884-упряжь.png,упряжь
3885,39,85,series-39/3885-забота.png,забота
3886,39,86,series-39/3886-круг-обучения.png,круг обучения
3887,39,87,series-39/3887-остановка.png,остановка
3888,39,88,series-39/3888-зерно-дерева.png,зерно дерева
3889,39,89,series-39/3889-резец.png,резец
3890,39,90,series-39/3890-пигменты.png,пигменты
3891,39,91,series-39/3891-кисть-и-вода.png,кисть и вода
3892,39,92,series-39/3892-трещина-стены.png,трещина стены
3893,39,93,series-39/3893-свет-росписи.png,свет росписи
3894,39,94,series-39/3894-старый-слой.png,старый слой
3895,39,95,series-39/3895-общая-работа.png,общая работа
3896,39,96,series-39/3896-запись-мастера.png,запись мастера
3897,39,97,series-39/3897-дверь-храма.png,дверь храма
3898,39,98,series-39/3898-развилка.png,развилка
3899,39,99,series-39/3899-возвращение.png,возвращение
3900,39,100,series-39/3900-следующий-штрих.png,следующий штрих
3901,40,1,series-40/3901-голос-рассказчика.png,голос рассказчика
3902,40,2,series-40/3902-жест-памяти.png,жест памяти
3903,40,3,series-40/3903-тетрадь.png,тетрадь
3904,40,4,series-40/3904-окно-к-Дону.png,окно к Дону
3905,40,5,series-40/3905-камыши.png,камыши
3906,40,6,series-40/3906-станица.png,станица
3907,40,7,series-40/3907-корни.png,корни
3908,40,8,series-40/3908-камень.png,камень
3909,40,9,series-40/3909-курень.png,курень
3910,40,10,series-40/3910-общий-стол.png,общий стол
3911,40,11,series-40/3911-семейная-песня.png,семейная песня
3912,40,12,series-40/3912-наличник.png,наличник
3913,40,13,series-40/3913-передача-предмета.png,передача предмета
3914,40,14,series-40/3914-упряжь.png,упряжь
3915,40,15,series-40/3915-забота.png,забота
3916,40,16,series-40/3916-круг-обучения.png,круг обучения
3917,40,17,series-40/3917-остановка.png,остановка
3918,40,18,series-40/3918-зерно-дерева.png,зерно дерева
3919,40,19,series-40/3919-резец.png,резец
3920,40,20,series-40/3920-пигменты.png,пигменты
3921,40,21,series-40/3921-кисть-и-вода.png,кисть и вода
3922,40,22,series-40/3922-трещина-стены.png,трещина стены
3923,40,23,series-40/3923-свет-росписи.png,свет росписи
3924,40,24,series-40/3924-старый-слой.png,старый слой
3925,40,25,series-40/3925-общая-работа.png,общая работа
3926,40,26,series-40/3926-запись-мастера.png,запись мастера
3927,40,27,series-40/3927-дверь-храма.png,дверь храма
3928,40,28,series-40/3928-развилка.png,развилка
3929,40,29,series-40/3929-возвращение.png,возвращение
3930,40,30,series-40/3930-следующий-штрих.png,следующий штрих
3931,40,31,series-40/3931-голос-рассказчика.png,голос рассказчика
3932,40,32,series-40/3932-жест-памяти.png,жест памяти
3933,40,33,series-40/3933-тетрадь.png,тетрадь
3934,40,34,series-40/3934-окно-к-Дону.png,окно к Дону
3935,40,35,series-40/3935-камыши.png,камыши
3936,40,36,series-40/3936-станица.png,станица
3937,40,37,series-40/3937-корни.png,корни
3938,40,38,series-40/3938-камень.png,камень
3939,40,39,series-40/3939-курень.png,курень
3940,40,40,series-40/3940-общий-стол.png,общий стол
3941,40,41,series-40/3941-семейная-песня.png,семейная песня
3942,40,42,series-40/3942-наличник.png,наличник
3943,40,43,series-40/3943-передача-предмета.png,передача предмета
3944,40,44,series-40/3944-упряжь.png,упряжь
3945,40,45,series-40/3945-забота.png,забота
3946,40,46,series-40/3946-круг-обучения.png,круг обучения
3947,40,47,series-40/3947-остановка.png,остановка
3948,40,48,series-40/3948-зерно-дерева.png,зерно дерева
3949,40,49,series-40/3949-резец.png,резец
3950,40,50,series-40/3950-пигменты.png,пигменты
3951,40,51,series-40/3951-кисть-и-вода.png,кисть и вода
3952,40,52,series-40/3952-трещина-стены.png,трещина стены
3953,40,53,series-40/3953-свет-росписи.png,свет росписи
3954,40,54,series-40/3954-старый-слой.png,старый слой
3955,40,55,series-40/3955-общая-работа.png,общая работа
3956,40,56,series-40/3956-запись-мастера.png,запись мастера
3957,40,57,series-40/3957-дверь-храма.png,дверь храма
3958,40,58,series-40/3958-развилка.png,развилка
3959,40,59,series-40/3959-возвращение.png,возвращение
3960,40,60,series-40/3960-следующий-штрих.png,следующий штрих
3961,40,61,series-40/3961-голос-рассказчика.png,голос рассказчика
3962,40,62,series-40/3962-жест-памяти.png,жест памяти
3963,40,63,series-40/3963-тетрадь.png,тетрадь
3964,40,64,series-40/3964-окно-к-Дону.png,окно к Дону
3965,40,65,series-40/3965-камыши.png,камыши
3966,40,66,series-40/3966-станица.png,станица
3967,40,67,series-40/3967-корни.png,корни
3968,40,68,series-40/3968-камень.png,камень
3969,40,69,series-40/3969-курень.png,курень
3970,40,70,series-40/3970-общий-стол.png,общий стол
3971,40,71,series-40/3971-семейная-песня.png,семейная песня
3972,40,72,series-40/3972-наличник.png,наличник
3973,40,73,series-40/3973-передача-предмета.png,передача предмета
3974,40,74,series-40/3974-упряжь.png,упряжь
3975,40,75,series-40/3975-забота.png,забота
3976,40,76,series-40/3976-круг-обучения.png,круг обучения
3977,40,77,series-40/3977-остановка.png,остановка
3978,40,78,series-40/3978-зерно-дерева.png,зерно дерева
3979,40,79,series-40/3979-резец.png,резец
3980,40,80,series-40/3980-пигменты.png,пигменты
3981,40,81,series-40/3981-кисть-и-вода.png,кисть и вода
3982,40,82,series-40/3982-трещина-стены.png,трещина стены
3983,40,83,series-40/3983-свет-росписи.png,свет росписи
3984,40,84,series-40/3984-старый-слой.png,старый слой
3985,40,85,series-40/3985-общая-работа.png,общая работа
3986,40,86,series-40/3986-запись-мастера.png,запись мастера
3987,40,87,series-40/3987-дверь-храма.png,дверь храма
3988,40,88,series-40/3988-развилка.png,развилка
3989,40,89,series-40/3989-возвращение.png,возвращение
3990,40,90,series-40/3990-следующий-штрих.png,следующий штрих
3991,40,91,series-40/3991-голос-рассказчика.png,голос рассказчика
3992,40,92,series-40/3992-жест-памяти.png,жест памяти
3993,40,93,series-40/3993-тетрадь.png,тетрадь
3994,40,94,series-40/3994-окно-к-Дону.png,окно к Дону
3995,40,95,series-40/3995-камыши.png,камыши
3996,40,96,series-40/3996-станица.png,станица
3997,40,97,series-40/3997-корни.png,корни
3998,40,98,series-40/3998-камень.png,камень
3999,40,99,series-40/3999-курень.png,курень
4000,40,100,series-40/4000-общий-стол.png,общий стол
4001,41,1,series-41/4001-семейная-песня.png,семейная песня
4002,41,2,series-41/4002-наличник.png,наличник
4003,41,3,series-41/4003-передача-предмета.png,передача предмета
4004,41,4,series-41/4004-упряжь.png,упряжь
4005,41,5,series-41/4005-забота.png,забота
4006,41,6,series-41/4006-круг-обучения.png,круг обучения
4007,41,7,series-41/4007-остановка.png,остановка
4008,41,8,series-41/4008-зерно-дерева.png,зерно дерева
4009,41,9,series-41/4009-резец.png,резец
4010,41,10,series-41/4010-пигменты.png,пигменты
4011,41,11,series-41/4011-кисть-и-вода.png,кисть и вода
4012,41,12,series-41/4012-трещина-стены.png,трещина стены
4013,41,13,series-41/4013-свет-росписи.png,свет росписи
4014,41,14,series-41/4014-старый-слой.png,старый слой
4015,41,15,series-41/4015-общая-работа.png,общая работа
4016,41,16,series-41/4016-запись-мастера.png,запись мастера
4017,41,17,series-41/4017-дверь-храма.png,дверь храма
4018,41,18,series-41/4018-развилка.png,развилка
4019,41,19,series-41/4019-возвращение.png,возвращение
4020,41,20,series-41/4020-следующий-штрих.png,следующий штрих
4021,41,21,series-41/4021-голос-рассказчика.png,голос рассказчика
4022,41,22,series-41/4022-жест-памяти.png,жест памяти
4023,41,23,series-41/4023-тетрадь.png,тетрадь
4024,41,24,series-41/4024-окно-к-Дону.png,окно к Дону
4025,41,25,series-41/4025-камыши.png,камыши
4026,41,26,series-41/4026-станица.png,станица
4027,41,27,series-41/4027-корни.png,корни
4028,41,28,series-41/4028-камень.png,камень
4029,41,29,series-41/4029-курень.png,курень
4030,41,30,series-41/4030-общий-стол.png,общий стол
4031,41,31,series-41/4031-семейная-песня.png,семейная песня
4032,41,32,series-41/4032-наличник.png,наличник
4033,41,33,series-41/4033-передача-предмета.png,передача предмета
4034,41,34,series-41/4034-упряжь.png,упряжь
4035,41,35,series-41/4035-забота.png,забота
4036,41,36,series-41/4036-круг-обучения.png,круг обучения
4037,41,37,series-41/4037-остановка.png,остановка
4038,41,38,series-41/4038-зерно-дерева.png,зерно дерева
4039,41,39,series-41/4039-резец.png,резец
4040,41,40,series-41/4040-пигменты.png,пигменты
4041,41,41,series-41/4041-кисть-и-вода.png,кисть и вода
4042,41,42,series-41/4042-трещина-стены.png,трещина стены
4043,41,43,series-41/4043-свет-росписи.png,свет росписи
4044,41,44,series-41/4044-старый-слой.png,старый слой
4045,41,45,series-41/4045-общая-работа.png,общая работа
4046,41,46,series-41/4046-запись-мастера.png,запись мастера
4047,41,47,series-41/4047-дверь-храма.png,дверь храма
4048,41,48,series-41/4048-развилка.png,развилка
4049,41,49,series-41/4049-возвращение.png,возвращение
4050,41,50,series-41/4050-следующий-штрих.png,следующий штрих
4051,41,51,series-41/4051-голос-рассказчика.png,голос рассказчика
4052,41,52,series-41/4052-жест-памяти.png,жест памяти
4053,41,53,series-41/4053-тетрадь.png,тетрадь
4054,41,54,series-41/4054-окно-к-Дону.png,окно к Дону
4055,41,55,series-41/4055-камыши.png,камыши
4056,41,56,series-41/4056-станица.png,станица
4057,41,57,series-41/4057-корни.png,корни
4058,41,58,series-41/4058-камень.png,камень
4059,41,59,series-41/4059-курень.png,курень
4060,41,60,series-41/4060-общий-стол.png,общий стол
4061,41,61,series-41/4061-семейная-песня.png,семейная песня
4062,41,62,series-41/4062-наличник.png,наличник
4063,41,63,series-41/4063-передача-предмета.png,передача предмета
4064,41,64,series-41/4064-упряжь.png,упряжь
4065,41,65,series-41/4065-забота.png,забота
4066,41,66,series-41/4066-круг-обучения.png,круг обучения
4067,41,67,series-41/4067-остановка.png,остановка
4068,41,68,series-41/4068-зерно-дерева.png,зерно дерева
4069,41,69,series-41/4069-резец.png,резец
4070,41,70,series-41/4070-пигменты.png,пигменты
4071,41,71,series-41/4071-кисть-и-вода.png,кисть и вода
4072,41,72,series-41/4072-трещина-стены.png,трещина стены
4073,41,73,series-41/4073-свет-росписи.png,свет росписи
4074,41,74,series-41/4074-старый-слой.png,старый слой
4075,41,75,series-41/4075-общая-работа.png,общая работа
4076,41,76,series-41/4076-запись-мастера.png,запись мастера
4077,41,77,series-41/4077-дверь-храма.png,дверь храма
4078,41,78,series-41/4078-развилка.png,развилка
4079,41,79,series-41/4079-возвращение.png,возвращение
4080,41,80,series-41/4080-следующий-штрих.png,следующий штрих
4081,41,81,series-41/4081-голос-рассказчика.png,голос рассказчика
4082,41,82,series-41/4082-жест-памяти.png,жест памяти
4083,41,83,series-41/4083-тетрадь.png,тетрадь
4084,41,84,series-41/4084-окно-к-Дону.png,окно к Дону
4085,41,85,series-41/4085-камыши.png,камыши
4086,41,86,series-41/4086-станица.png,станица
4087,41,87,series-41/4087-корни.png,корни
4088,41,88,series-41/4088-камень.png,камень
4089,41,89,series-41/4089-курень.png,курень
4090,41,90,series-41/4090-общий-стол.png,общий стол
4091,41,91,series-41/4091-семейная-песня.png,семейная песня
4092,41,92,series-41/4092-наличник.png,наличник
4093,41,93,series-41/4093-передача-предмета.png,передача предмета
4094,41,94,series-41/4094-упряжь.png,упряжь
4095,41,95,series-41/4095-забота.png,забота
4096,41,96,series-41/4096-круг-обучения.png,круг обучения
4097,41,97,series-41/4097-остановка.png,остановка
4098,41,98,series-41/4098-зерно-дерева.png,зерно дерева
4099,41,99,series-41/4099-резец.png,резец
4100,41,100,series-41/4100-пигменты.png,пигменты
4101,42,1,series-42/4101-кисть-и-вода.png,кисть и вода
4102,42,2,series-42/4102-трещина-стены.png,трещина стены
4103,42,3,series-42/4103-свет-росписи.png,свет росписи
4104,42,4,series-42/4104-старый-слой.png,старый слой
4105,42,5,series-42/4105-общая-работа.png,общая работа
4106,42,6,series-42/4106-запись-мастера.png,запись мастера
4107,42,7,series-42/4107-дверь-храма.png,дверь храма
4108,42,8,series-42/4108-развилка.png,развилка
4109,42,9,series-42/4109-возвращение.png,возвращение
4110,42,10,series-42/4110-следующий-штрих.png,следующий штрих
4111,42,11,series-42/4111-голос-рассказчика.png,голос рассказчика
4112,42,12,series-42/4112-жест-памяти.png,жест памяти
4113,42,13,series-42/4113-тетрадь.png,тетрадь
4114,42,14,series-42/4114-окно-к-Дону.png,окно к Дону
4115,42,15,series-42/4115-камыши.png,камыши
4116,42,16,series-42/4116-станица.png,станица
4117,42,17,series-42/4117-корни.png,корни
4118,42,18,series-42/4118-камень.png,камень
4119,42,19,series-42/4119-курень.png,курень
4120,42,20,series-42/4120-общий-стол.png,общий стол
4121,42,21,series-42/4121-семейная-песня.png,семейная песня
4122,42,22,series-42/4122-наличник.png,наличник
4123,42,23,series-42/4123-передача-предмета.png,передача предмета
4124,42,24,series-42/4124-упряжь.png,упряжь
4125,42,25,series-42/4125-забота.png,забота
4126,42,26,series-42/4126-круг-обучения.png,круг обучения
4127,42,27,series-42/4127-остановка.png,остановка
4128,42,28,series-42/4128-зерно-дерева.png,зерно дерева
4129,42,29,series-42/4129-резец.png,резец
4130,42,30,series-42/4130-пигменты.png,пигменты
4131,42,31,series-42/4131-кисть-и-вода.png,кисть и вода
4132,42,32,series-42/4132-трещина-стены.png,трещина стены
4133,42,33,series-42/4133-свет-росписи.png,свет росписи
4134,42,34,series-42/4134-старый-слой.png,старый слой
4135,42,35,series-42/4135-общая-работа.png,общая работа
4136,42,36,series-42/4136-запись-мастера.png,запись мастера
4137,42,37,series-42/4137-дверь-храма.png,дверь храма
4138,42,38,series-42/4138-развилка.png,развилка
4139,42,39,series-42/4139-возвращение.png,возвращение
4140,42,40,series-42/4140-следующий-штрих.png,следующий штрих
4141,42,41,series-42/4141-голос-рассказчика.png,голос рассказчика
4142,42,42,series-42/4142-жест-памяти.png,жест памяти
4143,42,43,series-42/4143-тетрадь.png,тетрадь
4144,42,44,series-42/4144-окно-к-Дону.png,окно к Дону
4145,42,45,series-42/4145-камыши.png,камыши
4146,42,46,series-42/4146-станица.png,станица
4147,42,47,series-42/4147-корни.png,корни
4148,42,48,series-42/4148-камень.png,камень
4149,42,49,series-42/4149-курень.png,курень
4150,42,50,series-42/4150-общий-стол.png,общий стол
4151,42,51,series-42/4151-семейная-песня.png,семейная песня
4152,42,52,series-42/4152-наличник.png,наличник
4153,42,53,series-42/4153-передача-предмета.png,передача предмета
4154,42,54,series-42/4154-упряжь.png,упряжь
4155,42,55,series-42/4155-забота.png,забота
4156,42,56,series-42/4156-круг-обучения.png,круг обучения
4157,42,57,series-42/4157-остановка.png,остановка
4158,42,58,series-42/4158-зерно-дерева.png,зерно дерева
4159,42,59,series-42/4159-резец.png,резец
4160,42,60,series-42/4160-пигменты.png,пигменты
4161,42,61,series-42/4161-кисть-и-вода.png,кисть и вода
4162,42,62,series-42/4162-трещина-стены.png,трещина стены
4163,42,63,series-42/4163-свет-росписи.png,свет росписи
4164,42,64,series-42/4164-старый-слой.png,старый слой
4165,42,65,series-42/4165-общая-работа.png,общая работа
4166,42,66,series-42/4166-запись-мастера.png,запись мастера
4167,42,67,series-42/4167-дверь-храма.png,дверь храма
4168,42,68,series-42/4168-развилка.png,развилка
4169,42,69,series-42/4169-возвращение.png,возвращение
4170,42,70,series-42/4170-следующий-штрих.png,следующий штрих
4171,42,71,series-42/4171-голос-рассказчика.png,голос рассказчика
4172,42,72,series-42/4172-жест-памяти.png,жест памяти
4173,42,73,series-42/4173-тетрадь.png,тетрадь
4174,42,74,series-42/4174-окно-к-Дону.png,окно к Дону
4175,42,75,series-42/4175-камыши.png,камыши
4176,42,76,series-42/4176-станица.png,станица
4177,42,77,series-42/4177-корни.png,корни
4178,42,78,series-42/4178-камень.png,камень
4179,42,79,series-42/4179-курень.png,курень
4180,42,80,series-42/4180-общий-стол.png,общий стол
4181,42,81,series-42/4181-семейная-песня.png,семейная песня
4182,42,82,series-42/4182-наличник.png,наличник
4183,42,83,series-42/4183-передача-предмета.png,передача предмета
4184,42,84,series-42/4184-упряжь.png,упряжь
4185,42,85,series-42/4185-забота.png,забота
4186,42,86,series-42/4186-круг-обучения.png,круг обучения
4187,42,87,series-42/4187-остановка.png,остановка
4188,42,88,series-42/4188-зерно-дерева.png,зерно дерева
4189,42,89,series-42/4189-резец.png,резец
4190,42,90,series-42/4190-пигменты.png,пигменты
4191,42,91,series-42/4191-кисть-и-вода.png,кисть и вода
4192,42,92,series-42/4192-трещина-стены.png,трещина стены
4193,42,93,series-42/4193-свет-росписи.png,свет росписи
4194,42,94,series-42/4194-старый-слой.png,старый слой
4195,42,95,series-42/4195-общая-работа.png,общая работа
4196,42,96,series-42/4196-запись-мастера.png,запись мастера
4197,42,97,series-42/4197-дверь-храма.png,дверь храма
4198,42,98,series-42/4198-развилка.png,развилка
4199,42,99,series-42/4199-возвращение.png,возвращение
4200,42,100,series-42/4200-следующий-штрих.png,следующий штрих
4201,43,1,series-43/4201-голос-рассказчика.png,голос рассказчика
4202,43,2,series-43/4202-жест-памяти.png,жест памяти
4203,43,3,series-43/4203-тетрадь.png,тетрадь
4204,43,4,series-43/4204-окно-к-Дону.png,окно к Дону
4205,43,5,series-43/4205-камыши.png,камыши
4206,43,6,series-43/4206-станица.png,станица
4207,43,7,series-43/4207-корни.png,корни
4208,43,8,series-43/4208-камень.png,камень
4209,43,9,series-43/4209-курень.png,курень
4210,43,10,series-43/4210-общий-стол.png,общий стол
4211,43,11,series-43/4211-семейная-песня.png,семейная песня
4212,43,12,series-43/4212-наличник.png,наличник
4213,43,13,series-43/4213-передача-предмета.png,передача предмета
4214,43,14,series-43/4214-упряжь.png,упряжь
4215,43,15,series-43/4215-забота.png,забота
4216,43,16,series-43/4216-круг-обучения.png,круг обучения
4217,43,17,series-43/4217-остановка.png,остановка
4218,43,18,series-43/4218-зерно-дерева.png,зерно дерева
4219,43,19,series-43/4219-резец.png,резец
4220,43,20,series-43/4220-пигменты.png,пигменты
4221,43,21,series-43/4221-кисть-и-вода.png,кисть и вода
4222,43,22,series-43/4222-трещина-стены.png,трещина стены
4223,43,23,series-43/4223-свет-росписи.png,свет росписи
4224,43,24,series-43/4224-старый-слой.png,старый слой
4225,43,25,series-43/4225-общая-работа.png,общая работа
4226,43,26,series-43/4226-запись-мастера.png,запись мастера
4227,43,27,series-43/4227-дверь-храма.png,дверь храма
4228,43,28,series-43/4228-развилка.png,развилка
4229,43,29,series-43/4229-возвращение.png,возвращение
4230,43,30,series-43/4230-следующий-штрих.png,следующий штрих
4231,43,31,series-43/4231-голос-рассказчика.png,голос рассказчика
4232,43,32,series-43/4232-жест-памяти.png,жест памяти
4233,43,33,series-43/4233-тетрадь.png,тетрадь
4234,43,34,series-43/4234-окно-к-Дону.png,окно к Дону
4235,43,35,series-43/4235-камыши.png,камыши
4236,43,36,series-43/4236-станица.png,станица
4237,43,37,series-43/4237-корни.png,корни
4238,43,38,series-43/4238-камень.png,камень
4239,43,39,series-43/4239-курень.png,курень
4240,43,40,series-43/4240-общий-стол.png,общий стол
4241,43,41,series-43/4241-семейная-песня.png,семейная песня
4242,43,42,series-43/4242-наличник.png,наличник
4243,43,43,series-43/4243-передача-предмета.png,передача предмета
4244,43,44,series-43/4244-упряжь.png,упряжь
4245,43,45,series-43/4245-забота.png,забота
4246,43,46,series-43/4246-круг-обучения.png,круг обучения
4247,43,47,series-43/4247-остановка.png,остановка
4248,43,48,series-43/4248-зерно-дерева.png,зерно дерева
4249,43,49,series-43/4249-резец.png,резец
4250,43,50,series-43/4250-пигменты.png,пигменты
4251,43,51,series-43/4251-кисть-и-вода.png,кисть и вода
4252,43,52,series-43/4252-трещина-стены.png,трещина стены
4253,43,53,series-43/4253-свет-росписи.png,свет росписи
4254,43,54,series-43/4254-старый-слой.png,старый слой
4255,43,55,series-43/4255-общая-работа.png,общая работа
4256,43,56,series-43/4256-запись-мастера.png,запись мастера
4257,43,57,series-43/4257-дверь-храма.png,дверь храма
4258,43,58,series-43/4258-развилка.png,развилка
4259,43,59,series-43/4259-возвращение.png,возвращение
4260,43,60,series-43/4260-следующий-штрих.png,следующий штрих
4261,43,61,series-43/4261-голос-рассказчика.png,голос рассказчика
4262,43,62,series-43/4262-жест-памяти.png,жест памяти
4263,43,63,series-43/4263-тетрадь.png,тетрадь
4264,43,64,series-43/4264-окно-к-Дону.png,окно к Дону
4265,43,65,series-43/4265-камыши.png,камыши
4266,43,66,series-43/4266-станица.png,станица
4267,43,67,series-43/4267-корни.png,корни
4268,43,68,series-43/4268-камень.png,камень
4269,43,69,series-43/4269-курень.png,курень
4270,43,70,series-43/4270-общий-стол.png,общий стол
4271,43,71,series-43/4271-семейная-песня.png,семейная песня
4272,43,72,series-43/4272-наличник.png,наличник
4273,43,73,series-43/4273-передача-предмета.png,передача предмета
4274,43,74,series-43/4274-упряжь.png,упряжь
4275,43,75,series-43/4275-забота.png,забота
4276,43,76,series-43/4276-круг-обучения.png,круг обучения
4277,43,77,series-43/4277-остановка.png,остановка
4278,43,78,series-43/4278-зерно-дерева.png,зерно дерева
4279,43,79,series-43/4279-резец.png,резец
4280,43,80,series-43/4280-пигменты.png,пигменты
4281,43,81,series-43/4281-кисть-и-вода.png,кисть и вода
4282,43,82,series-43/4282-трещина-стены.png,трещина стены
4283,43,83,series-43/4283-свет-росписи.png,свет росписи
4284,43,84,series-43/4284-старый-слой.png,старый слой
4285,43,85,series-43/4285-общая-работа.png,общая работа
4286,43,86,series-43/4286-запись-мастера.png,запись мастера
4287,43,87,series-43/4287-дверь-храма.png,дверь храма
4288,43,88,series-43/4288-развилка.png,развилка
4289,43,89,series-43/4289-возвращение.png,возвращение
4290,43,90,series-43/4290-следующий-штрих.png,следующий штрих
4291,43,91,series-43/4291-голос-рассказчика.png,голос рассказчика
4292,43,92,series-43/4292-жест-памяти.png,жест памяти
4293,43,93,series-43/4293-тетрадь.png,тетрадь
4294,43,94,series-43/4294-окно-к-Дону.png,окно к Дону
4295,43,95,series-43/4295-камыши.png,камыши
4296,43,96,series-43/4296-станица.png,станица
4297,43,97,series-43/4297-корни.png,корни
4298,43,98,series-43/4298-камень.png,камень
4299,43,99,series-43/4299-курень.png,курень
4300,43,100,series-43/4300-общий-стол.png,общий стол
4301,44,1,series-44/4301-семейная-песня.png,семейная песня
4302,44,2,series-44/4302-наличник.png,наличник
4303,44,3,series-44/4303-передача-предмета.png,передача предмета
4304,44,4,series-44/4304-упряжь.png,упряжь
4305,44,5,series-44/4305-забота.png,забота
4306,44,6,series-44/4306-круг-обучения.png,круг обучения
4307,44,7,series-44/4307-остановка.png,остановка
4308,44,8,series-44/4308-зерно-дерева.png,зерно дерева
4309,44,9,series-44/4309-резец.png,резец
4310,44,10,series-44/4310-пигменты.png,пигменты
4311,44,11,series-44/4311-кисть-и-вода.png,кисть и вода
4312,44,12,series-44/4312-трещина-стены.png,трещина стены
4313,44,13,series-44/4313-свет-росписи.png,свет росписи
4314,44,14,series-44/4314-старый-слой.png,старый слой
4315,44,15,series-44/4315-общая-работа.png,общая работа
4316,44,16,series-44/4316-запись-мастера.png,запись мастера
4317,44,17,series-44/4317-дверь-храма.png,дверь храма
4318,44,18,series-44/4318-развилка.png,развилка
4319,44,19,series-44/4319-возвращение.png,возвращение
4320,44,20,series-44/4320-следующий-штрих.png,следующий штрих
4321,44,21,series-44/4321-голос-рассказчика.png,голос рассказчика
4322,44,22,series-44/4322-жест-памяти.png,жест памяти
4323,44,23,series-44/4323-тетрадь.png,тетрадь
4324,44,24,series-44/4324-окно-к-Дону.png,окно к Дону
4325,44,25,series-44/4325-камыши.png,камыши
4326,44,26,series-44/4326-станица.png,станица
4327,44,27,series-44/4327-корни.png,корни
4328,44,28,series-44/4328-камень.png,камень
4329,44,29,series-44/4329-курень.png,курень
4330,44,30,series-44/4330-общий-стол.png,общий стол
4331,44,31,series-44/4331-семейная-песня.png,семейная песня
4332,44,32,series-44/4332-наличник.png,наличник
4333,44,33,series-44/4333-передача-предмета.png,передача предмета
4334,44,34,series-44/4334-упряжь.png,упряжь
4335,44,35,series-44/4335-забота.png,забота
4336,44,36,series-44/4336-круг-обучения.png,круг обучения
4337,44,37,series-44/4337-остановка.png,остановка
4338,44,38,series-44/4338-зерно-дерева.png,зерно дерева
4339,44,39,series-44/4339-резец.png,резец
4340,44,40,series-44/4340-пигменты.png,пигменты
4341,44,41,series-44/4341-кисть-и-вода.png,кисть и вода
4342,44,42,series-44/4342-трещина-стены.png,трещина стены
4343,44,43,series-44/4343-свет-росписи.png,свет росписи
4344,44,44,series-44/4344-старый-слой.png,старый слой
4345,44,45,series-44/4345-общая-работа.png,общая работа
4346,44,46,series-44/4346-запись-мастера.png,запись мастера
4347,44,47,series-44/4347-дверь-храма.png,дверь храма
4348,44,48,series-44/4348-развилка.png,развилка
4349,44,49,series-44/4349-возвращение.png,возвращение
4350,44,50,series-44/4350-следующий-штрих.png,следующий штрих
4351,44,51,series-44/4351-голос-рассказчика.png,голос рассказчика
4352,44,52,series-44/4352-жест-памяти.png,жест памяти
4353,44,53,series-44/4353-тетрадь.png,тетрадь
4354,44,54,series-44/4354-окно-к-Дону.png,окно к Дону
4355,44,55,series-44/4355-камыши.png,камыши
4356,44,56,series-44/4356-станица.png,станица
4357,44,57,series-44/4357-корни.png,корни
4358,44,58,series-44/4358-камень.png,камень
4359,44,59,series-44/4359-курень.png,курень
4360,44,60,series-44/4360-общий-стол.png,общий стол
4361,44,61,series-44/4361-семейная-песня.png,семейная песня
4362,44,62,series-44/4362-наличник.png,наличник
4363,44,63,series-44/4363-передача-предмета.png,передача предмета
4364,44,64,series-44/4364-упряжь.png,упряжь
4365,44,65,series-44/4365-забота.png,забота
4366,44,66,series-44/4366-круг-обучения.png,круг обучения
4367,44,67,series-44/4367-остановка.png,остановка
4368,44,68,series-44/4368-зерно-дерева.png,зерно дерева
4369,44,69,series-44/4369-резец.png,резец
4370,44,70,series-44/4370-пигменты.png,пигменты
4371,44,71,series-44/4371-кисть-и-вода.png,кисть и вода
4372,44,72,series-44/4372-трещина-стены.png,трещина стены
4373,44,73,series-44/4373-свет-росписи.png,свет росписи
4374,44,74,series-44/4374-старый-слой.png,старый слой
4375,44,75,series-44/4375-общая-работа.png,общая работа
4376,44,76,series-44/4376-запись-мастера.png,запись мастера
4377,44,77,series-44/4377-дверь-храма.png,дверь храма
4378,44,78,series-44/4378-развилка.png,развилка
4379,44,79,series-44/4379-возвращение.png,возвращение
4380,44,80,series-44/4380-следующий-штрих.png,следующий штрих
4381,44,81,series-44/4381-голос-рассказчика.png,голос рассказчика
4382,44,82,series-44/4382-жест-памяти.png,жест памяти
4383,44,83,series-44/4383-тетрадь.png,тетрадь
4384,44,84,series-44/4384-окно-к-Дону.png,окно к Дону
4385,44,85,series-44/4385-камыши.png,камыши
4386,44,86,series-44/4386-станица.png,станица
4387,44,87,series-44/4387-корни.png,корни
4388,44,88,series-44/4388-камень.png,камень
4389,44,89,series-44/4389-курень.png,курень
4390,44,90,series-44/4390-общий-стол.png,общий стол
4391,44,91,series-44/4391-семейная-песня.png,семейная песня
4392,44,92,series-44/4392-наличник.png,наличник
4393,44,93,series-44/4393-передача-предмета.png,передача предмета
4394,44,94,series-44/4394-упряжь.png,упряжь
4395,44,95,series-44/4395-забота.png,забота
4396,44,96,series-44/4396-круг-обучения.png,круг обучения
4397,44,97,series-44/4397-остановка.png,остановка
4398,44,98,series-44/4398-зерно-дерева.png,зерно дерева
4399,44,99,series-44/4399-резец.png,резец
4400,44,100,series-44/4400-пигменты.png,пигменты
4401,45,1,series-45/4401-кисть-и-вода.png,кисть и вода
4402,45,2,series-45/4402-трещина-стены.png,трещина стены
4403,45,3,series-45/4403-свет-росписи.png,свет росписи
4404,45,4,series-45/4404-старый-слой.png,старый слой
4405,45,5,series-45/4405-общая-работа.png,общая работа
4406,45,6,series-45/4406-запись-мастера.png,запись мастера
4407,45,7,series-45/4407-дверь-храма.png,дверь храма
4408,45,8,series-45/4408-развилка.png,развилка
4409,45,9,series-45/4409-возвращение.png,возвращение
4410,45,10,series-45/4410-следующий-штрих.png,следующий штрих
4411,45,11,series-45/4411-голос-рассказчика.png,голос рассказчика
4412,45,12,series-45/4412-жест-памяти.png,жест памяти
4413,45,13,series-45/4413-тетрадь.png,тетрадь
4414,45,14,series-45/4414-окно-к-Дону.png,окно к Дону
4415,45,15,series-45/4415-камыши.png,камыши
4416,45,16,series-45/4416-станица.png,станица
4417,45,17,series-45/4417-корни.png,корни
4418,45,18,series-45/4418-камень.png,камень
4419,45,19,series-45/4419-курень.png,курень
4420,45,20,series-45/4420-общий-стол.png,общий стол
4421,45,21,series-45/4421-семейная-песня.png,семейная песня
4422,45,22,series-45/4422-наличник.png,наличник
4423,45,23,series-45/4423-передача-предмета.png,передача предмета
4424,45,24,series-45/4424-упряжь.png,упряжь
4425,45,25,series-45/4425-забота.png,забота
4426,45,26,series-45/4426-круг-обучения.png,круг обучения
4427,45,27,series-45/4427-остановка.png,остановка
4428,45,28,series-45/4428-зерно-дерева.png,зерно дерева
4429,45,29,series-45/4429-резец.png,резец
4430,45,30,series-45/4430-пигменты.png,пигменты
4431,45,31,series-45/4431-кисть-и-вода.png,кисть и вода
4432,45,32,series-45/4432-трещина-стены.png,трещина стены
4433,45,33,series-45/4433-свет-росписи.png,свет росписи
4434,45,34,series-45/4434-старый-слой.png,старый слой
4435,45,35,series-45/4435-общая-работа.png,общая работа
4436,45,36,series-45/4436-запись-мастера.png,запись мастера
4437,45,37,series-45/4437-дверь-храма.png,дверь храма
4438,45,38,series-45/4438-развилка.png,развилка
4439,45,39,series-45/4439-возвращение.png,возвращение
4440,45,40,series-45/4440-следующий-штрих.png,следующий штрих
4441,45,41,series-45/4441-голос-рассказчика.png,голос рассказчика
4442,45,42,series-45/4442-жест-памяти.png,жест памяти
4443,45,43,series-45/4443-тетрадь.png,тетрадь
4444,45,44,series-45/4444-окно-к-Дону.png,окно к Дону
4445,45,45,series-45/4445-камыши.png,камыши
4446,45,46,series-45/4446-станица.png,станица
4447,45,47,series-45/4447-корни.png,корни
4448,45,48,series-45/4448-камень.png,камень
4449,45,49,series-45/4449-курень.png,курень
4450,45,50,series-45/4450-общий-стол.png,общий стол
4451,45,51,series-45/4451-семейная-песня.png,семейная песня
4452,45,52,series-45/4452-наличник.png,наличник
4453,45,53,series-45/4453-передача-предмета.png,передача предмета
4454,45,54,series-45/4454-упряжь.png,упряжь
4455,45,55,series-45/4455-забота.png,забота
4456,45,56,series-45/4456-круг-обучения.png,круг обучения
4457,45,57,series-45/4457-остановка.png,остановка
4458,45,58,series-45/4458-зерно-дерева.png,зерно дерева
4459,45,59,series-45/4459-резец.png,резец
4460,45,60,series-45/4460-пигменты.png,пигменты
4461,45,61,series-45/4461-кисть-и-вода.png,кисть и вода
4462,45,62,series-45/4462-трещина-стены.png,трещина стены
4463,45,63,series-45/4463-свет-росписи.png,свет росписи
4464,45,64,series-45/4464-старый-слой.png,старый слой
4465,45,65,series-45/4465-общая-работа.png,общая работа
4466,45,66,series-45/4466-запись-мастера.png,запись мастера
4467,45,67,series-45/4467-дверь-храма.png,дверь храма
4468,45,68,series-45/4468-развилка.png,развилка
4469,45,69,series-45/4469-возвращение.png,возвращение
4470,45,70,series-45/4470-следующий-штрих.png,следующий штрих
4471,45,71,series-45/4471-голос-рассказчика.png,голос рассказчика
4472,45,72,series-45/4472-жест-памяти.png,жест памяти
4473,45,73,series-45/4473-тетрадь.png,тетрадь
4474,45,74,series-45/4474-окно-к-Дону.png,окно к Дону
4475,45,75,series-45/4475-камыши.png,камыши
4476,45,76,series-45/4476-станица.png,станица
4477,45,77,series-45/4477-корни.png,корни
4478,45,78,series-45/4478-камень.png,камень
4479,45,79,series-45/4479-курень.png,курень
4480,45,80,series-45/4480-общий-стол.png,общий стол
4481,45,81,series-45/4481-семейная-песня.png,семейная песня
4482,45,82,series-45/4482-наличник.png,наличник
4483,45,83,series-45/4483-передача-предмета.png,передача предмета
4484,45,84,series-45/4484-упряжь.png,упряжь
4485,45,85,series-45/4485-забота.png,забота
4486,45,86,series-45/4486-круг-обучения.png,круг обучения
4487,45,87,series-45/4487-остановка.png,остановка
4488,45,88,series-45/4488-зерно-дерева.png,зерно дерева
4489,45,89,series-45/4489-резец.png,резец
4490,45,90,series-45/4490-пигменты.png,пигменты
4491,45,91,series-45/4491-кисть-и-вода.png,кисть и вода
4492,45,92,series-45/4492-трещина-стены.png,трещина стены
4493,45,93,series-45/4493-свет-росписи.png,свет росписи
4494,45,94,series-45/4494-старый-слой.png,старый слой
4495,45,95,series-45/4495-общая-работа.png,общая работа
4496,45,96,series-45/4496-запись-мастера.png,запись мастера
4497,45,97,series-45/4497-дверь-храма.png,дверь храма
4498,45,98,series-45/4498-развилка.png,развилка
4499,45,99,series-45/4499-возвращение.png,возвращение
4500,45,100,series-45/4500-следующий-штрих.png,следующий штрих
4501,46,1,series-46/4501-голос-рассказчика.png,голос рассказчика
4502,46,2,series-46/4502-жест-памяти.png,жест памяти
4503,46,3,series-46/4503-тетрадь.png,тетрадь
4504,46,4,series-46/4504-окно-к-Дону.png,окно к Дону
4505,46,5,series-46/4505-камыши.png,камыши
4506,46,6,series-46/4506-станица.png,станица
4507,46,7,series-46/4507-корни.png,корни
4508,46,8,series-46/4508-камень.png,камень
4509,46,9,series-46/4509-курень.png,курень
4510,46,10,series-46/4510-общий-стол.png,общий стол
4511,46,11,series-46/4511-семейная-песня.png,семейная песня
4512,46,12,series-46/4512-наличник.png,наличник
4513,46,13,series-46/4513-передача-предмета.png,передача предмета
4514,46,14,series-46/4514-упряжь.png,упряжь
4515,46,15,series-46/4515-забота.png,забота
4516,46,16,series-46/4516-круг-обучения.png,круг обучения
4517,46,17,series-46/4517-остановка.png,остановка
4518,46,18,series-46/4518-зерно-дерева.png,зерно дерева
4519,46,19,series-46/4519-резец.png,резец
4520,46,20,series-46/4520-пигменты.png,пигменты
4521,46,21,series-46/4521-кисть-и-вода.png,кисть и вода
4522,46,22,series-46/4522-трещина-стены.png,трещина стены
4523,46,23,series-46/4523-свет-росписи.png,свет росписи
4524,46,24,series-46/4524-старый-слой.png,старый слой
4525,46,25,series-46/4525-общая-работа.png,общая работа
4526,46,26,series-46/4526-запись-мастера.png,запись мастера
4527,46,27,series-46/4527-дверь-храма.png,дверь храма
4528,46,28,series-46/4528-развилка.png,развилка
4529,46,29,series-46/4529-возвращение.png,возвращение
4530,46,30,series-46/4530-следующий-штрих.png,следующий штрих
4531,46,31,series-46/4531-голос-рассказчика.png,голос рассказчика
4532,46,32,series-46/4532-жест-памяти.png,жест памяти
4533,46,33,series-46/4533-тетрадь.png,тетрадь
4534,46,34,series-46/4534-окно-к-Дону.png,окно к Дону
4535,46,35,series-46/4535-камыши.png,камыши
4536,46,36,series-46/4536-станица.png,станица
4537,46,37,series-46/4537-корни.png,корни
4538,46,38,series-46/4538-камень.png,камень
4539,46,39,series-46/4539-курень.png,курень
4540,46,40,series-46/4540-общий-стол.png,общий стол
4541,46,41,series-46/4541-семейная-песня.png,семейная песня
4542,46,42,series-46/4542-наличник.png,наличник
4543,46,43,series-46/4543-передача-предмета.png,передача предмета
4544,46,44,series-46/4544-упряжь.png,упряжь
4545,46,45,series-46/4545-забота.png,забота
4546,46,46,series-46/4546-круг-обучения.png,круг обучения
4547,46,47,series-46/4547-остановка.png,остановка
4548,46,48,series-46/4548-зерно-дерева.png,зерно дерева
4549,46,49,series-46/4549-резец.png,резец
4550,46,50,series-46/4550-пигменты.png,пигменты
4551,46,51,series-46/4551-кисть-и-вода.png,кисть и вода
4552,46,52,series-46/4552-трещина-стены.png,трещина стены
4553,46,53,series-46/4553-свет-росписи.png,свет росписи
4554,46,54,series-46/4554-старый-слой.png,старый слой
4555,46,55,series-46/4555-общая-работа.png,общая работа
4556,46,56,series-46/4556-запись-мастера.png,запись мастера
4557,46,57,series-46/4557-дверь-храма.png,дверь храма
4558,46,58,series-46/4558-развилка.png,развилка
4559,46,59,series-46/4559-возвращение.png,возвращение
4560,46,60,series-46/4560-следующий-штрих.png,следующий штрих
4561,46,61,series-46/4561-голос-рассказчика.png,голос рассказчика
4562,46,62,series-46/4562-жест-памяти.png,жест памяти
4563,46,63,series-46/4563-тетрадь.png,тетрадь
4564,46,64,series-46/4564-окно-к-Дону.png,окно к Дону
4565,46,65,series-46/4565-камыши.png,камыши
4566,46,66,series-46/4566-станица.png,станица
4567,46,67,series-46/4567-корни.png,корни
4568,46,68,series-46/4568-камень.png,камень
4569,46,69,series-46/4569-курень.png,курень
4570,46,70,series-46/4570-общий-стол.png,общий стол
4571,46,71,series-46/4571-семейная-песня.png,семейная песня
4572,46,72,series-46/4572-наличник.png,наличник
4573,46,73,series-46/4573-передача-предмета.png,передача предмета
4574,46,74,series-46/4574-упряжь.png,упряжь
4575,46,75,series-46/4575-забота.png,забота
4576,46,76,series-46/4576-круг-обучения.png,круг обучения
4577,46,77,series-46/4577-остановка.png,остановка
4578,46,78,series-46/4578-зерно-дерева.png,зерно дерева
4579,46,79,series-46/4579-резец.png,резец
4580,46,80,series-46/4580-пигменты.png,пигменты
4581,46,81,series-46/4581-кисть-и-вода.png,кисть и вода
4582,46,82,series-46/4582-трещина-стены.png,трещина стены
4583,46,83,series-46/4583-свет-росписи.png,свет росписи
4584,46,84,series-46/4584-старый-слой.png,старый слой
4585,46,85,series-46/4585-общая-работа.png,общая работа
4586,46,86,series-46/4586-запись-мастера.png,запись мастера
4587,46,87,series-46/4587-дверь-храма.png,дверь храма
4588,46,88,series-46/4588-развилка.png,развилка
4589,46,89,series-46/4589-возвращение.png,возвращение
4590,46,90,series-46/4590-следующий-штрих.png,следующий штрих
4591,46,91,series-46/4591-голос-рассказчика.png,голос рассказчика
4592,46,92,series-46/4592-жест-памяти.png,жест памяти
4593,46,93,series-46/4593-тетрадь.png,тетрадь
4594,46,94,series-46/4594-окно-к-Дону.png,окно к Дону
4595,46,95,series-46/4595-камыши.png,камыши
4596,46,96,series-46/4596-станица.png,станица
4597,46,97,series-46/4597-корни.png,корни
4598,46,98,series-46/4598-камень.png,камень
4599,46,99,series-46/4599-курень.png,курень
4600,46,100,series-46/4600-общий-стол.png,общий стол
4601,47,1,series-47/4601-семейная-песня.png,семейная песня
4602,47,2,series-47/4602-наличник.png,наличник
4603,47,3,series-47/4603-передача-предмета.png,передача предмета
4604,47,4,series-47/4604-упряжь.png,упряжь
4605,47,5,series-47/4605-забота.png,забота
4606,47,6,series-47/4606-круг-обучения.png,круг обучения
4607,47,7,series-47/4607-остановка.png,остановка
4608,47,8,series-47/4608-зерно-дерева.png,зерно дерева
4609,47,9,series-47/4609-резец.png,резец
4610,47,10,series-47/4610-пигменты.png,пигменты
4611,47,11,series-47/4611-кисть-и-вода.png,кисть и вода
4612,47,12,series-47/4612-трещина-стены.png,трещина стены
4613,47,13,series-47/4613-свет-росписи.png,свет росписи
4614,47,14,series-47/4614-старый-слой.png,старый слой
4615,47,15,series-47/4615-общая-работа.png,общая работа
4616,47,16,series-47/4616-запись-мастера.png,запись мастера
4617,47,17,series-47/4617-дверь-храма.png,дверь храма
4618,47,18,series-47/4618-развилка.png,развилка
4619,47,19,series-47/4619-возвращение.png,возвращение
4620,47,20,series-47/4620-следующий-штрих.png,следующий штрих
4621,47,21,series-47/4621-голос-рассказчика.png,голос рассказчика
4622,47,22,series-47/4622-жест-памяти.png,жест памяти
4623,47,23,series-47/4623-тетрадь.png,тетрадь
4624,47,24,series-47/4624-окно-к-Дону.png,окно к Дону
4625,47,25,series-47/4625-камыши.png,камыши
4626,47,26,series-47/4626-станица.png,станица
4627,47,27,series-47/4627-корни.png,корни
4628,47,28,series-47/4628-камень.png,камень
4629,47,29,series-47/4629-курень.png,курень
4630,47,30,series-47/4630-общий-стол.png,общий стол
4631,47,31,series-47/4631-семейная-песня.png,семейная песня
4632,47,32,series-47/4632-наличник.png,наличник
4633,47,33,series-47/4633-передача-предмета.png,передача предмета
4634,47,34,series-47/4634-упряжь.png,упряжь
4635,47,35,series-47/4635-забота.png,забота
4636,47,36,series-47/4636-круг-обучения.png,круг обучения
4637,47,37,series-47/4637-остановка.png,остановка
4638,47,38,series-47/4638-зерно-дерева.png,зерно дерева
4639,47,39,series-47/4639-резец.png,резец
4640,47,40,series-47/4640-пигменты.png,пигменты
4641,47,41,series-47/4641-кисть-и-вода.png,кисть и вода
4642,47,42,series-47/4642-трещина-стены.png,трещина стены
4643,47,43,series-47/4643-свет-росписи.png,свет росписи
4644,47,44,series-47/4644-старый-слой.png,старый слой
4645,47,45,series-47/4645-общая-работа.png,общая работа
4646,47,46,series-47/4646-запись-мастера.png,запись мастера
4647,47,47,series-47/4647-дверь-храма.png,дверь храма
4648,47,48,series-47/4648-развилка.png,развилка
4649,47,49,series-47/4649-возвращение.png,возвращение
4650,47,50,series-47/4650-следующий-штрих.png,следующий штрих
4651,47,51,series-47/4651-голос-рассказчика.png,голос рассказчика
4652,47,52,series-47/4652-жест-памяти.png,жест памяти
4653,47,53,series-47/4653-тетрадь.png,тетрадь
4654,47,54,series-47/4654-окно-к-Дону.png,окно к Дону
4655,47,55,series-47/4655-камыши.png,камыши
4656,47,56,series-47/4656-станица.png,станица
4657,47,57,series-47/4657-корни.png,корни
4658,47,58,series-47/4658-камень.png,камень
4659,47,59,series-47/4659-курень.png,курень
4660,47,60,series-47/4660-общий-стол.png,общий стол
4661,47,61,series-47/4661-семейная-песня.png,семейная песня
4662,47,62,series-47/4662-наличник.png,наличник
4663,47,63,series-47/4663-передача-предмета.png,передача предмета
4664,47,64,series-47/4664-упряжь.png,упряжь
4665,47,65,series-47/4665-забота.png,забота
4666,47,66,series-47/4666-круг-обучения.png,круг обучения
4667,47,67,series-47/4667-остановка.png,остановка
4668,47,68,series-47/4668-зерно-дерева.png,зерно дерева
4669,47,69,series-47/4669-резец.png,резец
4670,47,70,series-47/4670-пигменты.png,пигменты
4671,47,71,series-47/4671-кисть-и-вода.png,кисть и вода
4672,47,72,series-47/4672-трещина-стены.png,трещина стены
4673,47,73,series-47/4673-свет-росписи.png,свет росписи
4674,47,74,series-47/4674-старый-слой.png,старый слой
4675,47,75,series-47/4675-общая-работа.png,общая работа
4676,47,76,series-47/4676-запись-мастера.png,запись мастера
4677,47,77,series-47/4677-дверь-храма.png,дверь храма
4678,47,78,series-47/4678-развилка.png,развилка
4679,47,79,series-47/4679-возвращение.png,возвращение
4680,47,80,series-47/4680-следующий-штрих.png,следующий штрих
4681,47,81,series-47/4681-голос-рассказчика.png,голос рассказчика
4682,47,82,series-47/4682-жест-памяти.png,жест памяти
4683,47,83,series-47/4683-тетрадь.png,тетрадь
4684,47,84,series-47/4684-окно-к-Дону.png,окно к Дону
4685,47,85,series-47/4685-камыши.png,камыши
4686,47,86,series-47/4686-станица.png,станица
4687,47,87,series-47/4687-корни.png,корни
4688,47,88,series-47/4688-камень.png,камень
4689,47,89,series-47/4689-курень.png,курень
4690,47,90,series-47/4690-общий-стол.png,общий стол
4691,47,91,series-47/4691-семейная-песня.png,семейная песня
4692,47,92,series-47/4692-наличник.png,наличник
4693,47,93,series-47/4693-передача-предмета.png,передача предмета
4694,47,94,series-47/4694-упряжь.png,упряжь
4695,47,95,series-47/4695-забота.png,забота
4696,47,96,series-47/4696-круг-обучения.png,круг обучения
4697,47,97,series-47/4697-остановка.png,остановка
4698,47,98,series-47/4698-зерно-дерева.png,зерно дерева
4699,47,99,series-47/4699-резец.png,резец
4700,47,100,series-47/4700-пигменты.png,пигменты
4701,48,1,series-48/4701-кисть-и-вода.png,кисть и вода
4702,48,2,series-48/4702-трещина-стены.png,трещина стены
4703,48,3,series-48/4703-свет-росписи.png,свет росписи
4704,48,4,series-48/4704-старый-слой.png,старый слой
4705,48,5,series-48/4705-общая-работа.png,общая работа
4706,48,6,series-48/4706-запись-мастера.png,запись мастера
4707,48,7,series-48/4707-дверь-храма.png,дверь храма
4708,48,8,series-48/4708-развилка.png,развилка
4709,48,9,series-48/4709-возвращение.png,возвращение
4710,48,10,series-48/4710-следующий-штрих.png,следующий штрих
4711,48,11,series-48/4711-голос-рассказчика.png,голос рассказчика
4712,48,12,series-48/4712-жест-памяти.png,жест памяти
4713,48,13,series-48/4713-тетрадь.png,тетрадь
4714,48,14,series-48/4714-окно-к-Дону.png,окно к Дону
4715,48,15,series-48/4715-камыши.png,камыши
4716,48,16,series-48/4716-станица.png,станица
4717,48,17,series-48/4717-корни.png,корни
4718,48,18,series-48/4718-камень.png,камень
4719,48,19,series-48/4719-курень.png,курень
4720,48,20,series-48/4720-общий-стол.png,общий стол
4721,48,21,series-48/4721-семейная-песня.png,семейная песня
4722,48,22,series-48/4722-наличник.png,наличник
4723,48,23,series-48/4723-передача-предмета.png,передача предмета
4724,48,24,series-48/4724-упряжь.png,упряжь
4725,48,25,series-48/4725-забота.png,забота
4726,48,26,series-48/4726-круг-обучения.png,круг обучения
4727,48,27,series-48/4727-остановка.png,остановка
4728,48,28,series-48/4728-зерно-дерева.png,зерно дерева
4729,48,29,series-48/4729-резец.png,резец
4730,48,30,series-48/4730-пигменты.png,пигменты
4731,48,31,series-48/4731-кисть-и-вода.png,кисть и вода
4732,48,32,series-48/4732-трещина-стены.png,трещина стены
4733,48,33,series-48/4733-свет-росписи.png,свет росписи
4734,48,34,series-48/4734-старый-слой.png,старый слой
4735,48,35,series-48/4735-общая-работа.png,общая работа
4736,48,36,series-48/4736-запись-мастера.png,запись мастера
4737,48,37,series-48/4737-дверь-храма.png,дверь храма
4738,48,38,series-48/4738-развилка.png,развилка
4739,48,39,series-48/4739-возвращение.png,возвращение
4740,48,40,series-48/4740-следующий-штрих.png,следующий штрих
4741,48,41,series-48/4741-голос-рассказчика.png,голос рассказчика
4742,48,42,series-48/4742-жест-памяти.png,жест памяти
4743,48,43,series-48/4743-тетрадь.png,тетрадь
4744,48,44,series-48/4744-окно-к-Дону.png,окно к Дону
4745,48,45,series-48/4745-камыши.png,камыши
4746,48,46,series-48/4746-станица.png,станица
4747,48,47,series-48/4747-корни.png,корни
4748,48,48,series-48/4748-камень.png,камень
4749,48,49,series-48/4749-курень.png,курень
4750,48,50,series-48/4750-общий-стол.png,общий стол
4751,48,51,series-48/4751-семейная-песня.png,семейная песня
4752,48,52,series-48/4752-наличник.png,наличник
4753,48,53,series-48/4753-передача-предмета.png,передача предмета
4754,48,54,series-48/4754-упряжь.png,упряжь
4755,48,55,series-48/4755-забота.png,забота
4756,48,56,series-48/4756-круг-обучения.png,круг обучения
4757,48,57,series-48/4757-остановка.png,остановка
4758,48,58,series-48/4758-зерно-дерева.png,зерно дерева
4759,48,59,series-48/4759-резец.png,резец
4760,48,60,series-48/4760-пигменты.png,пигменты
4761,48,61,series-48/4761-кисть-и-вода.png,кисть и вода
4762,48,62,series-48/4762-трещина-стены.png,трещина стены
4763,48,63,series-48/4763-свет-росписи.png,свет росписи
4764,48,64,series-48/4764-старый-слой.png,старый слой
4765,48,65,series-48/4765-общая-работа.png,общая работа
4766,48,66,series-48/4766-запись-мастера.png,запись мастера
4767,48,67,series-48/4767-дверь-храма.png,дверь храма
4768,48,68,series-48/4768-развилка.png,развилка
4769,48,69,series-48/4769-возвращение.png,возвращение
4770,48,70,series-48/4770-следующий-штрих.png,следующий штрих
4771,48,71,series-48/4771-голос-рассказчика.png,голос рассказчика
4772,48,72,series-48/4772-жест-памяти.png,жест памяти
4773,48,73,series-48/4773-тетрадь.png,тетрадь
4774,48,74,series-48/4774-окно-к-Дону.png,окно к Дону
4775,48,75,series-48/4775-камыши.png,камыши
4776,48,76,series-48/4776-станица.png,станица
4777,48,77,series-48/4777-корни.png,корни
4778,48,78,series-48/4778-камень.png,камень
4779,48,79,series-48/4779-курень.png,курень
4780,48,80,series-48/4780-общий-стол.png,общий стол
4781,48,81,series-48/4781-семейная-песня.png,семейная песня
4782,48,82,series-48/4782-наличник.png,наличник
4783,48,83,series-48/4783-передача-предмета.png,передача предмета
4784,48,84,series-48/4784-упряжь.png,упряжь
4785,48,85,series-48/4785-забота.png,забота
4786,48,86,series-48/4786-круг-обучения.png,круг обучения
4787,48,87,series-48/4787-остановка.png,остановка
4788,48,88,series-48/4788-зерно-дерева.png,зерно дерева
4789,48,89,series-48/4789-резец.png,резец
4790,48,90,series-48/4790-пигменты.png,пигменты
4791,48,91,series-48/4791-кисть-и-вода.png,кисть и вода
4792,48,92,series-48/4792-трещина-стены.png,трещина стены
4793,48,93,series-48/4793-свет-росписи.png,свет росписи
4794,48,94,series-48/4794-старый-слой.png,старый слой
4795,48,95,series-48/4795-общая-работа.png,общая работа
4796,48,96,series-48/4796-запись-мастера.png,запись мастера
4797,48,97,series-48/4797-дверь-храма.png,дверь храма
4798,48,98,series-48/4798-развилка.png,развилка
4799,48,99,series-48/4799-возвращение.png,возвращение
4800,48,100,series-48/4800-следующий-штрих.png,следующий штрих
4801,49,1,series-49/4801-голос-рассказчика.png,голос рассказчика
4802,49,2,series-49/4802-жест-памяти.png,жест памяти
4803,49,3,series-49/4803-тетрадь.png,тетрадь
4804,49,4,series-49/4804-окно-к-Дону.png,окно к Дону
4805,49,5,series-49/4805-камыши.png,камыши
4806,49,6,series-49/4806-станица.png,станица
4807,49,7,series-49/4807-корни.png,корни
4808,49,8,series-49/4808-камень.png,камень
4809,49,9,series-49/4809-курень.png,курень
4810,49,10,series-49/4810-общий-стол.png,общий стол
4811,49,11,series-49/4811-семейная-песня.png,семейная песня
4812,49,12,series-49/4812-наличник.png,наличник
4813,49,13,series-49/4813-передача-предмета.png,передача предмета
4814,49,14,series-49/4814-упряжь.png,упряжь
4815,49,15,series-49/4815-забота.png,забота
4816,49,16,series-49/4816-круг-обучения.png,круг обучения
4817,49,17,series-49/4817-остановка.png,остановка
4818,49,18,series-49/4818-зерно-дерева.png,зерно дерева
4819,49,19,series-49/4819-резец.png,резец
4820,49,20,series-49/4820-пигменты.png,пигменты
4821,49,21,series-49/4821-кисть-и-вода.png,кисть и вода
4822,49,22,series-49/4822-трещина-стены.png,трещина стены
4823,49,23,series-49/4823-свет-росписи.png,свет росписи
4824,49,24,series-49/4824-старый-слой.png,старый слой
4825,49,25,series-49/4825-общая-работа.png,общая работа
4826,49,26,series-49/4826-запись-мастера.png,запись мастера
4827,49,27,series-49/4827-дверь-храма.png,дверь храма
4828,49,28,series-49/4828-развилка.png,развилка
4829,49,29,series-49/4829-возвращение.png,возвращение
4830,49,30,series-49/4830-следующий-штрих.png,следующий штрих
4831,49,31,series-49/4831-голос-рассказчика.png,голос рассказчика
4832,49,32,series-49/4832-жест-памяти.png,жест памяти
4833,49,33,series-49/4833-тетрадь.png,тетрадь
4834,49,34,series-49/4834-окно-к-Дону.png,окно к Дону
4835,49,35,series-49/4835-камыши.png,камыши
4836,49,36,series-49/4836-станица.png,станица
4837,49,37,series-49/4837-корни.png,корни
4838,49,38,series-49/4838-камень.png,камень
4839,49,39,series-49/4839-курень.png,курень
4840,49,40,series-49/4840-общий-стол.png,общий стол
4841,49,41,series-49/4841-семейная-песня.png,семейная песня
4842,49,42,series-49/4842-наличник.png,наличник
4843,49,43,series-49/4843-передача-предмета.png,передача предмета
4844,49,44,series-49/4844-упряжь.png,упряжь
4845,49,45,series-49/4845-забота.png,забота
4846,49,46,series-49/4846-круг-обучения.png,круг обучения
4847,49,47,series-49/4847-остановка.png,остановка
4848,49,48,series-49/4848-зерно-дерева.png,зерно дерева
4849,49,49,series-49/4849-резец.png,резец
4850,49,50,series-49/4850-пигменты.png,пигменты
4851,49,51,series-49/4851-кисть-и-вода.png,кисть и вода
4852,49,52,series-49/4852-трещина-стены.png,трещина стены
4853,49,53,series-49/4853-свет-росписи.png,свет росписи
4854,49,54,series-49/4854-старый-слой.png,старый слой
4855,49,55,series-49/4855-общая-работа.png,общая работа
4856,49,56,series-49/4856-запись-мастера.png,запись мастера
4857,49,57,series-49/4857-дверь-храма.png,дверь храма
4858,49,58,series-49/4858-развилка.png,развилка
4859,49,59,series-49/4859-возвращение.png,возвращение
4860,49,60,series-49/4860-следующий-штрих.png,следующий штрих
4861,49,61,series-49/4861-голос-рассказчика.png,голос рассказчика
4862,49,62,series-49/4862-жест-памяти.png,жест памяти
4863,49,63,series-49/4863-тетрадь.png,тетрадь
4864,49,64,series-49/4864-окно-к-Дону.png,окно к Дону
4865,49,65,series-49/4865-камыши.png,камыши
4866,49,66,series-49/4866-станица.png,станица
4867,49,67,series-49/4867-корни.png,корни
4868,49,68,series-49/4868-камень.png,камень
4869,49,69,series-49/4869-курень.png,курень
4870,49,70,series-49/4870-общий-стол.png,общий стол
4871,49,71,series-49/4871-семейная-песня.png,семейная песня
4872,49,72,series-49/4872-наличник.png,наличник
4873,49,73,series-49/4873-передача-предмета.png,передача предмета
4874,49,74,series-49/4874-упряжь.png,упряжь
4875,49,75,series-49/4875-забота.png,забота
4876,49,76,series-49/4876-круг-обучения.png,круг обучения
4877,49,77,series-49/4877-остановка.png,остановка
4878,49,78,series-49/4878-зерно-дерева.png,зерно дерева
4879,49,79,series-49/4879-резец.png,резец
4880,49,80,series-49/4880-пигменты.png,пигменты
4881,49,81,series-49/4881-кисть-и-вода.png,кисть и вода
4882,49,82,series-49/4882-трещина-стены.png,трещина стены
4883,49,83,series-49/4883-свет-росписи.png,свет росписи
4884,49,84,series-49/4884-старый-слой.png,старый слой
4885,49,85,series-49/4885-общая-работа.png,общая работа
4886,49,86,series-49/4886-запись-мастера.png,запись мастера
4887,49,87,series-49/4887-дверь-храма.png,дверь храма
4888,49,88,series-49/4888-развилка.png,развилка
4889,49,89,series-49/4889-возвращение.png,возвращение
4890,49,90,series-49/4890-следующий-штрих.png,следующий штрих
4891,49,91,series-49/4891-голос-рассказчика.png,голос рассказчика
4892,49,92,series-49/4892-жест-памяти.png,жест памяти
4893,49,93,series-49/4893-тетрадь.png,тетрадь
4894,49,94,series-49/4894-окно-к-Дону.png,окно к Дону
4895,49,95,series-49/4895-камыши.png,камыши
4896,49,96,series-49/4896-станица.png,станица
4897,49,97,series-49/4897-корни.png,корни
4898,49,98,series-49/4898-камень.png,камень
4899,49,99,series-49/4899-курень.png,курень
4900,49,100,series-49/4900-общий-стол.png,общий стол
4901,50,1,series-50/4901-семейная-песня.png,семейная песня
4902,50,2,series-50/4902-наличник.png,наличник
4903,50,3,series-50/4903-передача-предмета.png,передача предмета
4904,50,4,series-50/4904-упряжь.png,упряжь
4905,50,5,series-50/4905-забота.png,забота
4906,50,6,series-50/4906-круг-обучения.png,круг обучения
4907,50,7,series-50/4907-остановка.png,остановка
4908,50,8,series-50/4908-зерно-дерева.png,зерно дерева
4909,50,9,series-50/4909-резец.png,резец
4910,50,10,series-50/4910-пигменты.png,пигменты
4911,50,11,series-50/4911-кисть-и-вода.png,кисть и вода
4912,50,12,series-50/4912-трещина-стены.png,трещина стены
4913,50,13,series-50/4913-свет-росписи.png,свет росписи
4914,50,14,series-50/4914-старый-слой.png,старый слой
4915,50,15,series-50/4915-общая-работа.png,общая работа
4916,50,16,series-50/4916-запись-мастера.png,запись мастера
4917,50,17,series-50/4917-дверь-храма.png,дверь храма
4918,50,18,series-50/4918-развилка.png,развилка
4919,50,19,series-50/4919-возвращение.png,возвращение
4920,50,20,series-50/4920-следующий-штрих.png,следующий штрих
4921,50,21,series-50/4921-голос-рассказчика.png,голос рассказчика
4922,50,22,series-50/4922-жест-памяти.png,жест памяти
4923,50,23,series-50/4923-тетрадь.png,тетрадь
4924,50,24,series-50/4924-окно-к-Дону.png,окно к Дону
4925,50,25,series-50/4925-камыши.png,камыши
4926,50,26,series-50/4926-станица.png,станица
4927,50,27,series-50/4927-корни.png,корни
4928,50,28,series-50/4928-камень.png,камень
4929,50,29,series-50/4929-курень.png,курень
4930,50,30,series-50/4930-общий-стол.png,общий стол
4931,50,31,series-50/4931-семейная-песня.png,семейная песня
4932,50,32,series-50/4932-наличник.png,наличник
4933,50,33,series-50/4933-передача-предмета.png,передача предмета
4934,50,34,series-50/4934-упряжь.png,упряжь
4935,50,35,series-50/4935-забота.png,забота
4936,50,36,series-50/4936-круг-обучения.png,круг обучения
4937,50,37,series-50/4937-остановка.png,остановка
4938,50,38,series-50/4938-зерно-дерева.png,зерно дерева
4939,50,39,series-50/4939-резец.png,резец
4940,50,40,series-50/4940-пигменты.png,пигменты
4941,50,41,series-50/4941-кисть-и-вода.png,кисть и вода
4942,50,42,series-50/4942-трещина-стены.png,трещина стены
4943,50,43,series-50/4943-свет-росписи.png,свет росписи
4944,50,44,series-50/4944-старый-слой.png,старый слой
4945,50,45,series-50/4945-общая-работа.png,общая работа
4946,50,46,series-50/4946-запись-мастера.png,запись мастера
4947,50,47,series-50/4947-дверь-храма.png,дверь храма
4948,50,48,series-50/4948-развилка.png,развилка
4949,50,49,series-50/4949-возвращение.png,возвращение
4950,50,50,series-50/4950-следующий-штрих.png,следующий штрих
4951,50,51,series-50/4951-голос-рассказчика.png,голос рассказчика
4952,50,52,series-50/4952-жест-памяти.png,жест памяти
4953,50,53,series-50/4953-тетрадь.png,тетрадь
4954,50,54,series-50/4954-окно-к-Дону.png,окно к Дону
4955,50,55,series-50/4955-камыши.png,камыши
4956,50,56,series-50/4956-станица.png,станица
4957,50,57,series-50/4957-корни.png,корни
4958,50,58,series-50/4958-камень.png,камень
4959,50,59,series-50/4959-курень.png,курень
4960,50,60,series-50/4960-общий-стол.png,общий стол
4961,50,61,series-50/4961-семейная-песня.png,семейная песня
4962,50,62,series-50/4962-наличник.png,наличник
4963,50,63,series-50/4963-передача-предмета.png,передача предмета
4964,50,64,series-50/4964-упряжь.png,упряжь
4965,50,65,series-50/4965-забота.png,забота
4966,50,66,series-50/4966-круг-обучения.png,круг обучения
4967,50,67,series-50/4967-остановка.png,остановка
4968,50,68,series-50/4968-зерно-дерева.png,зерно дерева
4969,50,69,series-50/4969-резец.png,резец
4970,50,70,series-50/4970-пигменты.png,пигменты
4971,50,71,series-50/4971-кисть-и-вода.png,кисть и вода
4972,50,72,series-50/4972-трещина-стены.png,трещина стены
4973,50,73,series-50/4973-свет-росписи.png,свет росписи
4974,50,74,series-50/4974-старый-слой.png,старый слой
4975,50,75,series-50/4975-общая-работа.png,общая работа
4976,50,76,series-50/4976-запись-мастера.png,запись мастера
4977,50,77,series-50/4977-дверь-храма.png,дверь храма
4978,50,78,series-50/4978-развилка.png,развилка
4979,50,79,series-50/4979-возвращение.png,возвращение
4980,50,80,series-50/4980-следующий-штрих.png,следующий штрих
4981,50,81,series-50/4981-голос-рассказчика.png,голос рассказчика
4982,50,82,series-50/4982-жест-памяти.png,жест памяти
4983,50,83,series-50/4983-тетрадь.png,тетрадь
4984,50,84,series-50/4984-окно-к-Дону.png,окно к Дону
4985,50,85,series-50/4985-камыши.png,камыши
4986,50,86,series-50/4986-станица.png,станица
4987,50,87,series-50/4987-корни.png,корни
4988,50,88,series-50/4988-камень.png,камень
4989,50,89,series-50/4989-курень.png,курень
4990,50,90,series-50/4990-общий-стол.png,общий стол
4991,50,91,series-50/4991-семейная-песня.png,семейная песня
4992,50,92,series-50/4992-наличник.png,наличник
4993,50,93,series-50/4993-передача-предмета.png,передача предмета
4994,50,94,series-50/4994-упряжь.png,упряжь
4995,50,95,series-50/4995-забота.png,забота
4996,50,96,series-50/4996-круг-обучения.png,круг обучения
4997,50,97,series-50/4997-остановка.png,остановка
4998,50,98,series-50/4998-зерно-дерева.png,зерно дерева
4999,50,99,series-50/4999-резец.png,резец
5000,50,100,series-50/5000-пигменты.png,пигменты
